driverId,name,ssn,location,certified,wage-plan
10,Tami Sharp,861-44-5102,"32146 Joshua Mountain Apt. 791
South Tammyhaven, UT 91995",Y,hours
11,Lisa Garza DDS,642-95-3689,"511 Crystal Bridge
South Ashleyborough, WY 26107",N,miles
12,Jason Conrad MD,285-33-9294,"5855 Jonathan Square Apt. 143
Sarahton, DE 41377",Y,miles
13,Deborah Smith,211-01-2105,"27781 Jennifer Highway Suite 372
Torreshaven, MT 54085",Y,hours
14,Stephanie Miranda MD,369-88-5483,"45402 Phillips Shoal Apt. 568
North Anthony, MP 23205",N,hours
15,Joshua Hernandez,144-66-6777,"689 Porter Ways
South Gregory, SC 39467",N,miles
16,Andrew Jimenez,874-03-0293,"2290 Mark Burg Suite 602
East Isaacshire, VT 12254",N,miles
17,Timothy Jenkins,577-70-7350,"6787 Wyatt Drive Apt. 260
Davidtown, MT 98769",N,miles
18,Ethan Jackson,464-54-9980,"96141 Carter Flat Apt. 134
Morrisbury, WY 39285",N,miles
19,Katie Hobbs,510-13-7086,"1755 Mueller Drive Apt. 767
East Linda, CO 18654",Y,miles
20,Suzanne Jenkins PhD,752-39-7717,"523 Susan Key Suite 762
Lake Maryton, PW 59473",N,miles
21,Charlotte Hurst,417-27-9721,"08268 Mcconnell Way Apt. 839
New Stephenmouth, NV 17025",Y,miles
22,Tony Johnson,268-17-0741,"PSC 8040, Box 5072
APO AE 23842",N,miles
23,Julia Rice,509-15-1188,"87486 Beck Island Apt. 234
Christopherburgh, CO 89574",N,miles
24,April Hall,632-66-9243,"USNV Wilson
FPO AA 22789",N,hours
25,Tamara Orozco,862-83-3852,"93785 Bobby Ranch Apt. 948
Port Michellefurt, NC 35809",N,miles
26,Michelle Bridges,496-48-8415,"60860 Carlson Mountains
Walkerstad, LA 88088",Y,hours
27,Lonnie Foster,825-56-5354,"989 Porter Springs Suite 635
South Julieville, UT 70133",N,miles
28,Christopher Miller,881-57-0077,"0985 Jason Ville
Lake Amanda, NY 49376",N,miles
29,Thomas Ford,777-27-3000,"62941 Shea Neck
Jeffreyland, ID 34061",Y,miles
30,Pam Ramirez,341-45-6112,"6702 Daniel Plaza
South Stevenstad, HI 73202",Y,hours
31,John Ramirez,126-19-2186,"608 Harvey Parks Suite 543
Brooksborough, IA 68423",Y,hours
32,Becky Hawkins,099-02-9078,"799 Laura Burg
Jasonview, CO 77429",Y,miles
33,Holly Gonzales,320-77-2287,"62609 Mitchell Neck Apt. 242
Thomasfurt, CA 98113",Y,hours
34,Angela Mcintosh,025-30-8916,"88655 Johnson Port
Bishopbury, OK 42441",Y,hours
35,Ryan Duncan,067-55-1065,"0713 Marquez Camp Apt. 951
Johnside, NH 73526",N,miles
36,Jennifer Mullins,349-46-0780,"0894 Christina Row
New Michaelfort, NE 35913",Y,miles
37,Marissa Peterson,274-01-4375,"18808 Stacey Passage
North Bethbury, TX 46552",Y,miles
38,Terrence Williams,234-80-8315,"24861 Tran Inlet Suite 269
West Cynthia, CT 64358",Y,hours
39,Steven Rodriguez,037-03-3414,"6617 King Union
North Jason, MP 70753",N,miles
40,Daniel Arias,089-71-8247,"87979 Michael Crossing Apt. 971
South Christinashire, AK 41169",N,hours
41,Angela Peterson,733-50-8571,"1998 Taylor Forges Apt. 327
Gabrielaton, FM 27259",N,miles
42,Miss Michelle Dickson PhD,664-49-5115,"215 Cruz Center Suite 830
South Reginaview, PR 41197",N,hours
43,Amy Johnson,011-09-1804,"1238 Ronald Radial Apt. 889
Shortborough, VT 57940",N,hours
44,Benjamin Cherry,023-22-9455,"612 Perez Drive
West Ronald, KS 93376",Y,hours
45,Helen Smith,327-82-8961,"0844 Melissa Brook Apt. 122
Duncanburgh, RI 70038",Y,hours
46,Brandon Brown,492-17-7084,"2288 Dawn Parkway
Jenkinsfort, AS 82656",N,miles
47,Amy Bailey,536-57-4761,"79505 Eaton Lodge Suite 668
New Lisa, NE 48602",N,hours
48,Brandon Gonzalez,052-54-1732,"82046 Brent Drive Apt. 674
South Michelle, NH 68661",Y,hours
49,Jeffrey Le,040-08-0983,"2516 Barr Shore
South Marissaburgh, DE 72450",N,miles
50,Carrie Cunningham PhD,493-90-0112,"15595 Hodges Loaf Suite 287
West Michelletown, MT 44362",N,hours
51,Daniel Smith,111-94-3707,"339 Jeremiah Roads Apt. 853
North Marciaberg, NY 33577",Y,hours
52,Jeffrey Woodward,517-08-8037,"3748 Christine Well
Frankshire, MO 89750",Y,hours
53,Zachary Marshall,362-94-6954,"049 Waters Court Suite 926
North Christopher, CO 75484",N,miles
54,Matthew White,515-52-3803,"7966 Hendricks Stravenue Apt. 156
Thomasbury, OH 02017",Y,hours
55,Edwin Walter,455-36-4125,"69182 Phillips Circle Apt. 554
South Samuelville, NJ 65676",Y,hours
56,Jason Paul,066-98-0841,"2124 Robinson Radial
Watsonchester, IN 22825",N,hours
57,Tracy Martin,792-16-0684,"3874 Waters Brooks
Johnsonville, RI 23658",Y,miles
58,Deanna Riley,611-45-5770,"29157 Jessica Lodge
East Dylanborough, FM 67726",Y,hours
59,Jonathan Martin,575-43-6270,"152 Kristen Summit Suite 291
Port Barbara, VA 87860",Y,hours
60,Raven Coleman,228-02-0521,"76611 Lauren Overpass Suite 655
Jessicaport, VT 24723",N,hours
61,Steven Nguyen,199-22-8904,"54837 Jesse Estates Suite 817
South Tyronestad, WV 77159",Y,hours
62,Renee Petersen,370-79-3407,"121 Laura Unions Apt. 040
Sheppardville, UT 82677",Y,miles
63,Brandon Morgan,755-55-6374,"30332 Michael Unions
New Jeffreybury, ND 34350",Y,hours
64,Keith Morris,761-78-1120,"PSC 7021, Box 6681
APO AA 58421",N,miles
65,Zachary Morrison,799-86-4229,"88918 Miller Mount
East Jeffreyton, OK 78891",Y,miles
66,Carlos Morris,162-81-3973,"1772 Powell Cape
West Troy, AR 70502",Y,hours
67,Rachel Brown,396-42-5586,"7729 Melissa Circles
South Seanmouth, SC 28908",N,miles
68,Latoya Sullivan,638-42-2779,"USNS Cooper
FPO AP 01160",Y,hours
69,Dr. Shelly Brown,487-18-6301,"PSC 1573, Box 0175
APO AP 56029",N,hours
70,Craig Vargas,027-37-0710,"6370 Randall Unions
East Jacobbury, MS 54121",Y,miles
71,John Miller,447-50-7082,"021 Ray Shoals
Wyattland, AZ 92283",N,hours
72,Tanya Robertson,517-40-1179,"5026 Morgan Road Apt. 723
Johnsontown, RI 01915",N,miles
73,Herbert Thompson,221-36-1689,"Unit 9236 Box 4222
DPO AE 44256",Y,hours
74,Rebecca Spencer,392-05-6611,"264 Michael Mission
West Rebeccafurt, AL 91264",Y,miles
75,Andrea Gonzalez,592-30-1831,"Unit 7444 Box 1175
DPO AE 51948",Y,hours
76,Jennifer Jones,186-86-5085,"846 Holly Cliffs Apt. 802
Mccoyberg, LA 76092",N,miles
77,Rebecca Harris,395-95-9015,"82445 Sanchez Drives
Port James, MA 59883",Y,hours
78,Carolyn Smith,470-06-1809,"48373 Robert Port Apt. 224
East Zachary, MD 79158",N,miles
79,Cindy Delacruz,507-80-2281,"642 Mejia Park
Garciaburgh, IN 39611",N,hours
80,Kathy Dorsey,222-93-7154,"68480 Robinson Loaf Suite 524
West Monica, AL 57848",N,hours
81,Dr. George Wilkinson,882-35-0856,"37813 Parker Stravenue
South Mariastad, TN 24361",N,hours
82,Gloria Snyder,470-24-2868,"8896 Jones Expressway
Kevinberg, MS 14504",N,miles
83,Kathleen Burns,040-43-1737,"615 Villa Corner Apt. 875
North Michealside, PA 97983",Y,hours
84,Jason Mcguire,452-96-5356,"285 Luna Village Suite 449
Deniseton, WI 95685",Y,hours
85,Terry Cohen,782-31-5456,"7064 Hall Crest Suite 488
Michelleberg, PA 35447",Y,hours
86,Debbie Mitchell,344-40-7491,"24017 Khan Hollow
Hawkinsborough, DC 36549",N,hours
87,Catherine Green,025-29-5055,"755 Barr Club Suite 856
New Cody, WY 36397",Y,miles
88,Matthew Taylor,706-86-0855,"1278 Smith Cliff
Diazmouth, SD 28435",N,hours
89,Daniel Thomas,676-27-5142,"933 Jamie Stravenue
Mitchellland, DE 49673",N,hours
90,Amanda Mccall,244-88-8856,"93455 Lynn Knolls Suite 126
Melissahaven, NE 16950",N,hours
91,John Vincent,274-09-4316,"Unit 9510 Box 6160
DPO AP 59802",Y,miles
92,Dawn Parrish MD,163-82-4492,"1182 Ross Overpass
Tonyshire, SD 00686",Y,hours
93,Adam Reyes,382-68-0489,"USCGC White
FPO AP 02174",Y,miles
94,Stanley Meadows,185-37-8198,"96182 Crystal Valleys Apt. 002
East Thomas, SD 37591",N,hours
95,Patricia Chaney,886-46-7010,"5160 King Inlet Suite 646
North Paulland, SD 12284",Y,hours
96,Mrs. Jeanette Stewart,015-36-7362,"PSC 9947, Box 2685
APO AP 74840",Y,hours
97,Erin Spence,061-49-6299,"PSC 1377, Box 3535
APO AA 23749",N,hours
98,Jim Schroeder,635-22-8744,"83215 Ford Trail
New Tylerland, AZ 91041",N,miles
99,Roger Middleton,131-67-1413,"33265 Lori Parks Suite 920
West Margaretfort, OR 12562",Y,miles
100,Blake Richardson,141-30-6928,"26460 Kevin Mountain
Dodsonshire, SC 29932",Y,hours
101,Heather Howell,183-70-7760,"726 Myers Ville Suite 277
Caldwellburgh, OK 77160",Y,miles
102,Bradley Johnson,313-22-4108,"2498 Leonard Crossing Suite 160
North Ryan, MA 87792",N,miles
103,Misty Parker,387-89-2612,"489 Joshua Points
Harrisonburgh, PA 20446",N,miles
104,Christopher Pacheco,077-60-6034,"112 Christopher Field
New Maureenside, MI 12948",N,miles
105,John Johnson,251-19-5170,"PSC 7930, Box 2387
APO AE 45665",Y,miles
106,Howard Daniel,592-55-2029,"84004 Mendez Motorway Suite 958
Lawrenceton, PW 74159",N,miles
107,Audrey Williams,172-23-9485,"91090 Phelps Plains
Barbermouth, MD 93752",Y,hours
108,Sarah Moore,799-35-4667,"3414 Katherine Drives Apt. 628
Scottland, UT 53222",Y,hours
109,Jeffrey Smith,254-29-3499,"27221 Smith Isle Suite 041
Lake Ginabury, GA 58591",N,hours
110,Daniel Cardenas,448-78-6151,"4340 Weiss Row
Port Alyssa, IN 63106",N,hours
111,Frances Harris,211-10-0056,"422 Hancock Stream Apt. 056
Port Joel, MD 51560",N,miles
112,Rhonda Thornton,267-91-9894,"343 Christian Landing
West Karen, HI 49683",Y,miles
113,David Velasquez,640-53-1880,"325 Stephanie Street
Lake Stephen, ND 24590",N,miles
114,Brian Figueroa,759-24-7452,"28516 Alyssa Lights Apt. 334
Lisashire, VI 69833",Y,hours
115,Austin Watson,496-21-3762,"618 Smith Dale
New Devinbury, DC 69907",Y,miles
116,Daniel Mccarty,851-55-0887,"006 Dawn Forest
South Amanda, AR 14227",Y,hours
117,Stacy Bullock,349-67-1128,"078 Taylor Squares Suite 425
Weberfurt, VT 44262",N,miles
118,Christine Newman,179-08-7445,"77442 Prince Turnpike Apt. 319
West David, OR 78043",N,hours
119,Kristy Guzman,646-48-4553,"244 Young Expressway
Matthewsburgh, OR 79763",N,hours
120,Colin Sanders,153-78-7294,"31543 Young Garden Apt. 482
North Patriciamouth, VT 49546",N,hours
121,Ana Rojas,378-49-0522,"3456 Kayla Estates Suite 768
West Kylefort, DC 82093",N,hours
122,Anne Robertson,671-50-5403,"96243 Oneal Lane Suite 953
Danielstad, WV 51666",Y,hours
123,Angelica Barber,289-62-7098,"675 Mark Isle
Donnastad, AK 61689",N,miles
124,Kevin Carter,868-47-5990,"293 Rogers Squares Suite 205
West Troy, ND 10602",N,miles
125,Dr. Jacqueline Wilson,193-94-4577,"60844 Finley Drives Suite 569
Pattyfort, CO 85553",N,miles
126,Anna Sanchez,885-13-3717,"08057 Melissa Shores Apt. 763
West Cassandra, DE 19254",Y,hours
127,Carrie Cook,457-59-9858,"0788 May Islands Apt. 674
South Deborahburgh, RI 47026",Y,miles
128,Jacqueline Flynn,315-25-4031,"2006 Logan Path Apt. 455
East Teresa, FM 01795",Y,miles
129,Stephen Garcia,538-52-1340,"25918 Michael Cliffs
Geneside, FL 91108",Y,hours
130,Jasmine Bishop,767-14-3572,"8701 Martinez Lane
Portershire, WI 26698",Y,hours
131,Christy Liu,743-69-4927,"15210 Rachel Road
Port Rachel, MT 71985",Y,hours
132,Mrs. Morgan Riddle,772-50-4402,"637 Allen Ways
Collinsstad, AS 46196",Y,miles
133,Christina Hughes,120-49-3281,"71305 Murphy Loop
Taylortown, WV 10072",Y,hours
134,Crystal Berry,412-78-2579,"Unit 4417 Box 9811
DPO AP 90357",N,miles
135,Tiffany Mccarty,363-84-5301,"13914 Lauren Springs
Perezton, WA 09295",Y,miles
136,Jamie Fowler,598-16-7733,"372 Anthony Turnpike
Moralesberg, VI 24829",Y,miles
137,Jennifer Kelley,590-01-5769,"33448 Jason Path
Ryanfort, CA 65830",Y,hours
138,Allison Johnston,035-58-9154,"72331 Jay Knolls Suite 534
Weissview, NJ 01935",Y,miles
139,Laurie Vaughn,101-52-2059,"78724 Mark Cape Suite 116
Port Jenna, TX 68732",N,hours
140,Whitney Bennett,732-21-9466,"774 Rangel Creek
New Robertberg, NC 67983",N,miles
141,Craig Brewer,015-29-1580,"44339 Martin Ford
Janetbury, RI 70218",Y,miles
142,Sherry Small,564-52-9983,"PSC 6102, Box 1415
APO AE 77459",Y,miles
143,Cheyenne Nguyen,245-77-4059,"013 Burgess Flat Apt. 251
New Timothybury, MT 76019",Y,hours
144,Karen Christensen,384-37-0462,"77820 Mark Mills
West Anthony, TN 47140",N,hours
145,Jessica Young MD,170-36-6070,"8375 Kaitlyn Road
East Danielle, OH 73268",N,miles
146,Cynthia Baldwin,221-06-9277,"90490 Martinez Meadows
Danielborough, MN 91732",Y,hours
147,Timothy Hill,061-01-0926,"225 Austin Curve Suite 202
Lake Stephenstad, CO 81170",Y,miles
148,Jason Henderson,759-23-2519,"446 Bennett Brook
Lake Jacqueline, VT 15637",Y,miles
149,Michele Hester,572-46-4563,"812 Dana Ford Suite 692
Keithton, DE 35818",N,miles
150,Anita Wood,648-79-1815,"0216 Zachary Hills Apt. 744
Port Jerryside, NH 72640",N,miles
151,Mr. Jason Hickman,653-39-5166,"56241 James Avenue Suite 278
Lake Shawn, NM 70347",Y,miles
152,Brittany Montgomery,377-37-4771,"169 Jonathan Green Apt. 579
Lake Haley, SC 17811",N,hours
153,Michael Washington,084-67-5611,"355 Roth Forks Apt. 431
Victoriaview, NM 95442",Y,miles
154,Amy Thomas,895-09-5464,"029 Lee Track Suite 322
Port Alyssafort, AL 88451",N,hours
155,Sheena Washington,875-03-7084,"49923 Jones Ferry Apt. 426
Sarahberg, PW 62875",N,miles
156,Vanessa Boyer,171-53-1214,"191 Daniel Route Apt. 917
Suzanneville, CT 14280",N,hours
157,Larry Fisher,220-41-0508,"787 Rhodes Knoll Apt. 387
East Thomaschester, CA 49460",N,hours
158,Larry Burke,466-72-1113,"21957 Karen Mission Suite 685
Nicoleberg, ID 04417",N,hours
159,Joseph Campbell,304-69-5969,"627 Brett Pine
South Jonathanshire, IN 41058",N,miles
160,Rhonda Simmons PhD,442-59-5191,"30874 Perez Path Suite 352
Lake Dianamouth, IA 72145",Y,hours
161,Michele Davis,623-80-4386,"13222 Cantrell Mountain
Port Collin, FM 25681",N,hours
162,Matthew Howard,410-03-8143,"63678 Guerrero Freeway
Shannonfort, SC 10940",N,hours
163,John Banks,135-50-3295,"767 Cross Park
New Kaitlyn, MD 27182",Y,hours
164,Mary Christian,382-07-2055,"403 Bailey Crest Apt. 066
North Cherylfurt, NY 44985",Y,miles
165,Diane Mcdonald,072-05-0685,"781 Sims Shore
Markchester, ID 87326",N,miles
166,Andre Tucker,412-12-8767,"012 Herring Unions
North Jeffreyside, NY 96125",Y,hours
167,Elizabeth Odom,611-37-0111,"649 Jon Islands Suite 922
Douglasstad, MI 40160",N,hours
168,Rebecca Perez,307-01-0114,"0594 Betty Fields Apt. 571
Christophershire, IA 26918",N,miles
169,Clarence Williams,569-30-9430,"866 Vasquez Village
Port Daniel, ND 03547",Y,miles
170,Phillip Medina,304-24-6610,"61358 Anderson Lakes
Williamsbury, ME 46971",N,hours
171,Barbara Tucker,302-49-5946,"USNS Dennis
FPO AA 58364",N,hours
172,Harold Frazier,455-51-2396,"32447 Jennings Courts Apt. 991
South Katherine, VA 20019",Y,miles
173,Tricia Austin,632-11-2831,"688 Edwards Manors Apt. 080
Elizabethville, MN 29374",Y,miles
174,Gerald Morales,196-98-1176,"96681 Cuevas Lake
South Catherine, ND 04657",Y,miles
175,Michael Fry,401-08-1166,"02277 Sharon Expressway
Carlamouth, DE 77884",Y,hours
176,Travis Robinson,743-77-4307,"28557 Peters Mill
East Joelville, WY 78382",Y,miles
177,Debbie Bradley,175-72-1638,"78244 Amber Camp
North Tammy, OK 21176",N,hours
178,Katrina Kim,733-08-0963,"3186 Melissa Ramp
South Dennis, DE 45878",Y,miles
179,Christopher Walters,371-04-9949,"82680 Theresa Bypass
Lawsonview, WY 92896",Y,miles
180,Christine Cole,476-26-2223,"99583 Daniel Forks
Travisland, WA 95944",Y,miles
181,Robert Martin,545-15-9729,"38703 Smith Cape
Stevenmouth, MA 19234",N,hours
182,Patrick Calhoun,278-57-0616,"4595 Barry Run
Stephaniemouth, VT 66683",Y,miles
183,Jeanette Ponce,899-07-8357,"13460 Phillips Fords
North Terrichester, VA 70467",Y,hours
184,Wanda Mitchell,166-66-1962,"79888 Melissa Groves Suite 994
North Jennifer, PR 18354",N,hours
185,Laura Hardin,848-39-7296,"5478 Freeman Plains
Cantuburgh, MT 68229",Y,miles
186,Steven Swanson,359-89-2831,"546 Lisa Mall
New Greg, MP 34441",N,miles
187,Nicholas Smith,084-07-0204,"81273 Gonzales Station Apt. 272
Millerfurt, CO 05289",Y,miles
188,Jim Robinson,158-97-2649,"438 Williams Locks Suite 097
Robertfort, TX 19718",N,miles
189,Steven Stewart,247-64-4100,"978 Jason Mountain
North Victoriaview, AZ 71242",Y,hours
190,Joseph Meadows,639-07-7328,"994 Jamie Spurs Suite 967
Jasminechester, TX 95170",Y,miles
191,Ronald Young,617-97-9010,"4695 Morris Point Suite 279
Sarahberg, DC 95908",Y,miles
192,Charles Rodriguez,472-12-7179,"1353 Hanson Extension
East Sandraville, VT 12514",Y,hours
193,Tara Lindsey,472-03-7633,"75224 Tracy River Suite 224
Wilsonside, CO 20151",Y,miles
194,Rose Warren,390-33-4606,"673 Natalie Islands Suite 062
Juliaview, AZ 96267",Y,miles
195,Joshua Bailey,604-70-5795,"808 Stephen Drive Apt. 228
Lake Darrentown, IA 37876",N,hours
196,Melissa Harvey,659-58-9035,"30670 Swanson Glens
Kellymouth, MN 87766",N,hours
197,Patricia Harper,674-83-2975,"PSC 4650, Box 4634
APO AA 02364",N,miles
198,David Smith,080-57-8962,"7104 Bennett Mall Suite 892
New Grace, SD 59969",N,hours
199,Kayla Coleman,852-97-9894,"333 Gonzalez Islands Apt. 767
Barbaraton, PW 46498",N,miles
200,Barbara Hoffman,414-91-3993,"0134 Brian Corners
Christensenmouth, MD 03214",N,miles
201,Michael Collins,692-50-1295,"323 Michael Green Apt. 815
Kellystad, AK 42172",N,hours
202,Jose Martinez,864-96-7710,"06882 Potts Lodge Suite 412
East Brandon, PW 78466",Y,hours
203,Marcus Robinson,334-18-9845,"0234 Hunter Skyway
West Michellestad, MI 50297",Y,hours
204,Robert Chambers,164-40-5365,"4029 Belinda Lane
North Juanfort, ND 60120",N,miles
205,Charles King,663-53-9202,"179 Hodges Inlet Suite 252
East Zachary, CT 29925",N,hours
206,Juan Allen,590-71-0132,"715 Arias Rapids
Payneborough, TN 74307",N,miles
207,Maria Mcdaniel,417-28-0140,"5360 Martin Ranch
Brianmouth, NM 82439",N,hours
208,Gina Patrick,580-83-6186,"44524 Andrew Hills Suite 011
Jorgeview, VT 76792",N,hours
209,Ana King,595-14-8907,"Unit 4311 Box 5302
DPO AP 54621",Y,miles
210,Tracie Heath,586-30-4902,"9282 Christensen Ports Suite 542
Diazmouth, NC 42899",N,hours
211,Randy Jackson DVM,572-39-2106,"31296 Sanchez Point
Avilaville, MP 67467",N,miles
212,Cheyenne Lang,532-45-8796,"002 Jamie Canyon
Starkport, PA 30782",N,miles
213,April Chambers,383-67-3251,"PSC 2377, Box 6117
APO AE 49622",Y,miles
214,Manuel House,324-57-3594,"0351 Cross Haven
Smithmouth, CO 88109",N,miles
215,Donna Wells,332-02-2585,"460 Eric Islands
New Jenna, NH 37399",N,miles
216,Dillon Kennedy,244-42-5521,"01103 Myers Stream Suite 554
Lewisshire, OH 48816",N,hours
217,Lauren Arnold,767-26-5763,"00080 Stephens Knoll Apt. 589
West Joseph, MO 06700",N,miles
218,John Malone,208-46-2367,"0933 Molina Corner
North Christopherport, FM 11613",N,miles
219,Andrea Kemp,635-62-4438,"995 Steven Mill
South Tylerchester, GA 42316",N,hours
220,Jamie Patel,853-29-1524,"48807 Small Corners
West Darrylborough, MN 87211",Y,miles
221,Bobby Reynolds,313-04-6541,"269 Victor Ferry
Emilyshire, MO 81347",N,miles
222,Haley Middleton,284-98-8755,"917 Timothy Ramp Suite 259
Bradleybury, NM 11989",Y,miles
223,Stanley Wiley,685-82-0265,"278 Gray Spring Suite 018
New Staceyfurt, CA 32888",Y,miles
224,Randall Peterson,792-80-5084,"456 Goodwin Expressway Suite 269
North Jennaland, MO 79341",N,hours
225,Mary Lang,640-02-4930,"008 Young Stream
Frederickchester, WA 53402",Y,miles
226,Angela Freeman,487-75-4669,"081 Davis Manors Suite 654
Michaelborough, CT 81268",N,miles
227,Hayley Castillo,250-14-6423,"53218 Steven Keys
Port Debbiebury, MT 44423",N,miles
228,Raven Pratt,706-44-6935,"3228 Rachel Green Suite 851
Franciscoville, IL 23450",N,hours
229,Michael Wallace,434-38-4259,"81434 Smith Dam Apt. 517
Bondfort, MH 39818",Y,hours
230,Robert Mcbride,899-71-1967,"160 Zachary Island
South Angelastad, AZ 09365",Y,miles
231,Kevin Jensen,294-89-8577,"25981 Erica Extension Suite 261
New Lisa, RI 65146",Y,hours
232,Nicholas Petty,775-51-4798,"80149 White Club
New Tony, MS 34733",N,hours
233,Steven Robinson,791-88-3967,"223 Welch Ferry Suite 620
East Richardside, WY 71259",N,hours
234,Valerie Fuentes,639-91-0009,"156 Cynthia Harbors Apt. 105
East Danielland, AL 25087",N,miles
235,Lindsey Ramirez,718-24-8347,"19221 Green Light Apt. 187
West Chrischester, AR 67568",Y,hours
236,William Fritz,267-64-9671,"562 Brown Extension Apt. 501
Taylorberg, VA 47107",Y,miles
237,Benjamin Freeman,094-51-3328,"11122 Kim Parkway Suite 136
Cassandraview, AR 00914",N,miles
238,Andrew Frazier,069-99-5669,"6640 Estrada Lodge
North Adam, ND 40874",Y,miles
239,Mitchell Boyer,574-37-0606,"24153 Murphy Views
Kevinborough, NV 42755",N,hours
240,Christopher Graham,874-94-8568,"696 Moreno Coves
Lake Logan, PA 62706",Y,miles
241,Sandra Morris,543-65-9466,"8713 Carter Creek Suite 114
Mackborough, HI 38816",Y,miles
242,Donald Huff,516-75-8843,"PSC 2250, Box 3849
APO AA 07747",Y,miles
243,Aaron Lewis,616-12-4798,"89333 Justin Valley
Ewingville, MD 46791",Y,miles
244,Brandon Wolf,487-65-5337,"4238 Brown Circle Apt. 106
Hubbardfort, MD 31253",Y,miles
245,Stephen Kramer,026-95-5150,"489 Parker Dale
South Reneeshire, OK 37691",N,hours
246,Emily Jones,302-01-6870,"96725 Alvarez Brook Apt. 216
Lake Shelly, NY 34107",N,hours
247,Douglas Deleon,640-12-3158,"892 Russell Junctions Suite 586
Lake Johnland, WY 80029",Y,hours
248,Scott Rojas,042-19-6582,"Unit 8193 Box 4665
DPO AP 61482",Y,miles
249,Joy Jones,352-08-0955,"96842 Thomas Station Apt. 432
Lake Joshua, OR 80773",Y,miles
250,Traci Smith,764-22-5987,"515 Lopez Ridge Apt. 663
East Christopher, DC 97800",N,miles
251,Rachel Johnson,094-36-5665,"363 Danielle Loaf Suite 681
New Larry, FM 36505",Y,hours
252,Carol Huerta,545-84-4182,"5882 Briggs Place Suite 861
Teresachester, SD 42294",N,hours
253,Wayne Valdez,419-31-1554,"USNV Copeland
FPO AP 54937",Y,miles
254,Todd Holloway,239-64-7178,"95818 Bennett Via Apt. 015
Sanchezland, OK 55692",Y,hours
255,Haley Smith,839-07-1897,"73084 Stuart Mount Suite 379
East Christopher, IA 32320",N,miles
256,Richard Robertson,392-09-2419,"31008 Vanessa Prairie
Lake Glennmouth, TN 22481",N,miles
257,Melissa Vang,396-40-7151,"Unit 7864 Box 7861
DPO AP 32381",Y,hours
258,Andrea Cortez,768-30-2305,"6255 Adams Well Suite 746
Vickieland, NM 39914",Y,miles
259,Elizabeth Carter,756-08-9886,"58804 John Oval
Cheyenneside, WY 11003",N,miles
260,Regina Edwards,150-84-0544,"3237 Amanda Key Apt. 202
Kathychester, AK 61034",N,miles
261,Jeremy Barajas,469-88-3476,"0879 Turner Square Suite 962
Matthewstad, MH 13866",N,hours
262,Michael Brown,451-35-5674,"608 Heidi Port
Connorland, NY 51747",N,miles
263,Karen Stewart,028-55-2373,"68242 Jennifer Streets Suite 338
Savagebury, GU 87430",N,miles
264,Angel Zimmerman,819-05-9159,"82132 Robert River Suite 769
Hillport, OR 67785",N,miles
265,Kathryn Ochoa,880-92-8488,"2080 Nicholas Crescent Apt. 639
Josephshire, PA 77904",Y,miles
266,Jennifer Blanchard,580-75-9686,"21018 Simmons Hill
West Maryland, HI 41204",N,miles
267,Angel Huerta,235-38-9185,"180 Jones Rue
Flynnberg, OH 28319",Y,hours
268,Theresa Yu,728-75-9032,"9151 White Canyon Suite 777
Zhangside, IA 69714",Y,hours
269,Melissa Mercer,641-50-8011,"32491 Corey Manor
Port Jill, MH 40390",Y,hours
270,Darryl Ferguson,233-52-5408,"2391 Hannah Canyon Suite 755
Port Jesus, MS 86688",N,miles
271,Alexa Dillon,702-99-7623,"4284 Michael Walk Suite 834
New Brandiside, AK 53769",N,hours
272,Morgan Avila,616-08-3824,"USNS Vasquez
FPO AA 85126",N,miles
273,Whitney Lopez,528-15-6445,"17455 Kevin Vista
Richardmouth, UT 01853",N,hours
274,William Thomas,089-63-4846,"708 Myers Port
West Kimberlymouth, MH 64272",Y,hours
275,Joshua Camacho,414-65-7917,"00371 Kathryn Path
Stevenshire, PA 96636",N,miles
276,Blake Contreras,671-91-8018,"82765 Clark Green Apt. 806
Mikaylaberg, WY 19373",N,miles
277,Jennifer Turner,884-86-6791,"9055 Carter Causeway Suite 254
North Jacqueline, MT 49948",N,miles
278,Julie Smith,070-69-7749,"414 Weber Common
Blackland, MN 68263",N,miles
279,Christopher Davis,565-90-4714,"70164 Bianca Port
New Stephaniehaven, NJ 24745",N,hours
280,Thomas Green,345-32-8416,"5660 Sean Court Suite 286
New Maria, OH 81713",N,hours
281,Christopher White,652-98-2890,"2619 Kimberly Camp Suite 012
South Thomasfurt, IL 21248",Y,miles
282,Amy Fuentes,873-98-8102,"3258 Ebony Stream
Robertville, CA 91218",Y,hours
283,Erica Morse DDS,499-72-4421,"222 Tina Shores
Morrisside, MI 83924",Y,miles
284,Brian Miller,312-01-8851,"2817 Patricia Hill Apt. 380
North Rachelborough, DC 82609",Y,miles
285,Joshua Mckee,383-75-4889,"317 Boyd Lock Suite 766
Lake Scott, MP 34251",Y,miles
286,Antonio Garrison,608-28-1146,"9219 Shane Shoal
New Michelle, WY 21300",Y,miles
287,Michael Webb,019-25-7500,"38468 William Oval
Phillipsmouth, MN 11479",N,miles
288,Sherri Barnes,892-39-5421,"291 Alison Freeway Apt. 246
Markport, HI 16690",N,miles
289,Kathryn Hall,131-84-3967,"2128 Kathryn Roads Suite 766
Bruceside, MD 34605",N,hours
290,John Pope,780-27-1678,"1596 Katrina Crossing Suite 898
Jamesside, TN 72847",N,hours
291,Stephanie Blackwell,463-28-6698,"36876 Smith Lakes
Port Christopherborough, MN 64995",N,miles
292,Jessica Moore,226-02-9071,"9795 Brandon Ports Suite 349
Rodriguezshire, OR 14259",Y,miles
293,Crystal Walker,723-80-2418,"95662 Dickerson Vista Apt. 835
Lake Emma, OK 42818",N,miles
294,Melissa Watts,897-50-5468,"44518 Vega Ferry Apt. 200
Louisview, LA 57298",N,miles
295,Elizabeth Gallegos,828-61-1064,"020 Powers Islands
Shaneberg, HI 96863",Y,miles
296,Eric Moore,272-47-8602,"065 Johnston Brook
Jillianchester, KS 67386",N,miles
297,Edward Ramirez,408-17-8736,"5987 Thompson Mall Apt. 394
New Wyatttown, ND 19969",Y,hours
298,Renee Andrews,331-30-7276,"Unit 6924 Box 0050
DPO AP 76993",Y,hours
299,Dr. Eugene Lee Jr.,439-43-4126,"509 Anna Drive
West Christopher, AS 93430",N,miles
300,Stephanie Reid,291-33-1565,"USNV Williams
FPO AA 96734",Y,hours
301,John Murphy,887-77-1083,"559 Brooke Alley Suite 922
South Leah, IN 87364",Y,miles
302,David Hill,209-75-7708,"09178 Eric Fields Suite 714
Lake William, OH 57944",Y,hours
303,Misty Brown,278-03-3031,"30210 Flores Garden Suite 889
Sandrahaven, WI 51403",N,miles
304,Victor James,063-83-1070,"9366 Leslie Mountains
Anthonybury, DC 00705",Y,miles
305,Shannon Garza,144-49-9224,"90660 Joseph Vista
New Erica, NY 92949",Y,hours
306,Samuel Andersen,308-63-1090,"478 Greene Manor
Thompsonshire, VA 29002",Y,hours
307,Matthew Schultz,698-31-5366,"4227 Diane Shoals
Seanmouth, FL 34771",Y,miles
308,Anthony Ortiz,173-83-6345,"37666 Smith Corner Apt. 570
Lake Johnland, MP 26818",N,miles
309,David Johnson,166-92-4452,"0278 David Gateway
Mccarthybury, SD 08083",N,hours
310,Jennifer Shah,045-32-6381,"4586 Norris Extensions Apt. 548
East Christopher, OK 05393",Y,hours
311,Shane Gill,346-59-8952,"88803 Richard Dale Apt. 345
West Amanda, RI 82714",N,hours
312,Anthony Smith,616-09-9240,"7164 Harris Isle
Andreamouth, MT 21362",Y,hours
313,Maurice Nichols,255-90-4919,"95470 Wheeler Parkways Apt. 115
Rhodesmouth, AS 59597",N,hours
314,Jesus Bates,265-93-4347,"57533 Jennifer Branch Suite 146
Ericamouth, NY 39173",N,hours
315,Joseph Ross,029-15-1834,"2473 Blackwell Throughway
Kellybury, IA 07483",Y,hours
316,Bryan Townsend,788-12-2739,"61470 Ramsey River
Gomezland, FM 61328",N,hours
317,Dean Velazquez,076-52-1711,"437 King Viaduct
West Sarah, AK 64327",Y,hours
318,Kimberly Morrow,101-86-4886,"78248 Murphy Center
Lake Jeffreymouth, OH 84186",Y,miles
319,Lynn Brown,722-16-1129,"98395 Valerie Loaf
New Michael, VT 03715",Y,hours
320,Tony Vasquez,203-51-0636,"131 Drake Lights Suite 588
North Jasonland, DE 37542",Y,hours
321,Steven Hodges,882-15-5343,"217 Hancock Drives Apt. 145
Anitashire, NY 66313",N,hours
322,Jordan Mills,338-98-6377,"972 Kayla Springs
Williamsfurt, RI 84628",Y,hours
323,Alicia Watson MD,055-35-6923,"526 Zachary Orchard Suite 903
New Brittany, MO 63933",Y,hours
324,Jeremiah Davis,258-49-8748,"282 Erik Brook
Port Karen, NJ 10408",N,miles
325,Jane Alvarez,319-98-1586,"30025 Summers Course Suite 727
Christophertown, OH 86626",N,miles
326,Paula Calhoun,479-42-0805,"12446 Nelson Streets
Nicholasfurt, AZ 21370",Y,hours
327,Patrick Taylor,355-95-2514,"716 Edward Bypass Suite 794
Castanedaside, DE 75341",Y,hours
328,Susan Espinoza,693-51-7833,"70088 Steve Isle Suite 627
Powellland, ME 94348",N,miles
329,Jennifer Martin,506-03-0696,"832 Kathleen Ranch
Russellborough, GU 26219",Y,hours
330,James Arnold,800-19-2195,"30856 Peterson Meadow Apt. 051
New Jamesbury, KS 87039",N,miles
331,Kelly Roberson,674-94-6085,"404 Baker Lights Apt. 443
North Sharon, WA 05740",Y,miles
332,David Mullins,449-30-5760,"3352 Jamie Hill Suite 237
Christopherville, PW 40025",N,miles
333,Mr. Charles Gates,771-19-2249,"630 James Spurs Apt. 190
New Tasha, NE 82264",N,miles
334,Justin Walker,700-76-4260,"419 Chris Drive Apt. 462
New Regina, CT 55380",Y,miles
335,Sarah Price,083-63-4241,"014 Brown Alley Suite 243
Davidfurt, ND 60366",Y,hours
336,Mrs. Amanda Thompson,583-11-0798,"265 Gonzalez Mountain Apt. 785
West Lindseyburgh, SD 86861",Y,hours
337,Edward Glenn,266-05-4131,"Unit 8493 Box 8356
DPO AA 13914",N,miles
338,Shannon Nelson,555-07-5615,"5609 Gardner Skyway Suite 698
East Jacquelineport, WV 53847",Y,miles
339,Nathan Huynh,595-94-2777,"459 Landry Stravenue Apt. 280
Randolphshire, NJ 15972",N,miles
340,Frank Mcfarland,888-31-9339,"7569 Hall Hollow Suite 409
Baileyberg, LA 01178",N,miles
341,Richard Maynard,487-36-5279,"6772 Erin Valleys
West Dorisstad, MS 31654",N,hours
342,Paul Mann,776-50-5086,"51241 Morales Common Suite 491
Ramirezshire, KS 54479",Y,miles
343,Jennifer Tanner,845-32-6150,"8091 Michael Lane Apt. 479
Matthewberg, WY 68002",Y,miles
344,Terri Miles,797-73-3884,"277 Austin Unions Suite 002
New Michael, WV 65459",Y,miles
345,Teresa Campbell,179-82-2323,"067 Brendan Expressway
Carlymouth, IN 88149",N,hours
346,Angel Moreno,436-64-7146,"404 Russell Summit Apt. 899
Nathanport, HI 59534",N,miles
347,Lindsey Gibbs,231-85-9891,"91028 Peggy Way Suite 117
South Patrick, MP 22897",N,hours
348,Miss Jennifer Elliott DDS,723-23-3984,"5584 Adams Path
Davidville, AL 59291",N,hours
349,Lauren Stanley,846-11-6673,"826 Adrian Club
Paulton, GU 63991",Y,hours
350,Sarah Quinn,830-39-3245,"81846 Hernandez Via Apt. 858
Mackenziechester, IN 54345",Y,miles
351,Grace Marquez,373-18-3098,"848 Webb Burgs
South Carol, TN 40072",Y,hours
352,Jerry Cox,830-01-1264,"45396 Rivera Mews
West Katietown, AS 55453",N,hours
353,Rachel Cole,454-70-9889,"75955 Thomas Mountain
South Franciscoville, ME 04149",N,hours
354,Brad Page,876-31-1343,"5880 Aguirre Bridge Suite 504
Frazierland, NM 82905",Y,hours
355,Melissa Reilly,098-29-2458,"65938 Schwartz Bypass
Floydside, NY 44545",N,miles
356,Frank Bowman,002-71-1601,"2573 Carter Terrace
East Michael, FL 90222",Y,miles
357,Angela Martinez,746-67-3975,"63268 Donna Mountains
New Lisa, PR 89496",Y,hours
358,Jose Owens,156-13-8092,"11878 William Street Suite 034
Lake Ashleymouth, MI 51133",N,hours
359,Meagan Powers,182-78-8793,"1843 Reid Lake
Wallville, ND 83520",N,hours
360,Leslie Taylor,279-54-6660,"26015 Rosario Land Suite 069
South David, HI 98399",Y,hours
361,Jennifer Williams,416-18-6654,"242 Perez Stravenue Suite 354
East Andresmouth, FL 67078",Y,miles
362,Alfred Gregory,218-39-8686,"04751 Miranda Summit Apt. 249
Mariachester, MA 59294",N,hours
363,Joseph Walker,417-74-8882,"100 Sandoval Loaf Suite 176
Robertberg, FL 87881",N,hours
364,Ronald Manning,617-37-2644,"6777 Buck Forge
West Renee, ND 10359",N,miles
365,Jason Byrd,233-70-4637,"2083 Edwards Union Apt. 106
Melissaberg, MI 30301",N,hours
366,Tyler Brown,440-37-6982,"931 Newman Manors
South Katherineland, UT 15226",N,hours
367,Andrew Johnson,846-06-5491,"9557 Porter Union Apt. 884
Lake Tiffany, WV 57355",N,miles
368,Barbara Reed,755-94-7360,"711 Miles River Suite 225
West Haileytown, VA 12644",Y,hours
369,Wendy Walker,875-85-1358,"30530 Cook Garden Suite 337
Cynthiaburgh, MO 22030",Y,hours
370,Amanda Rogers,835-59-0382,"079 Emma Extension Suite 178
Reynoldsville, UT 38496",Y,miles
371,Kathryn Gonzales,484-10-5575,"942 Mckenzie Knoll Suite 734
Lake Wendy, LA 58659",Y,miles
372,Tabitha Flores,240-21-1435,"PSC 6978, Box 0517
APO AE 01473",N,hours
373,Bobby Mullins,237-26-7677,"2193 Ward Loop
Loweryborough, IN 84288",Y,hours
374,Cynthia Delgado,491-21-6404,"943 Jeremy Course
Ginabury, AR 67319",N,hours
375,Sarah Wilson,769-96-3571,"75382 Patricia Road
Lake Angelaborough, HI 10074",N,hours
376,Laura Bass,346-71-3166,"57103 Dustin Brooks Apt. 236
Chavezshire, MN 46059",N,hours
377,Rachel Gray,175-33-1749,"291 Carter Lock Apt. 924
Hernandezchester, IN 85126",Y,hours
378,Ann White,356-24-3638,"5279 Powell Point Apt. 308
West Cody, OK 35586",Y,miles
379,Gregory Hartman,593-19-1886,"4742 May Mountain
Lake Aarontown, FL 38661",N,hours
380,Roy Barrett,435-91-0008,"8099 Kathryn Street Suite 383
West Lisaside, AR 00979",N,miles
381,Kristen Smith,429-45-9915,"460 Rodriguez Expressway
North Nicoleside, MT 55559",Y,miles
382,Jessica Frost,335-20-1817,"15208 Bradley Lock Suite 398
Michaelview, MS 07795",Y,hours
383,David Todd,335-33-0933,"44309 Greer Street Apt. 350
South Jerrybury, AR 78825",N,hours
384,Dr. Nicole Christian,329-64-4702,"03450 Jeremy Mountain
Hernandezside, WY 56864",N,hours
385,Michael Nichols,694-08-6704,"826 Stone Inlet
East Larryville, AZ 33588",N,hours
386,Ashley Johns,661-42-4803,"256 Sergio Forge
Shannonhaven, VI 32389",N,hours
387,Karen Pacheco,293-03-6731,"434 Debra Estates Suite 092
Lake Andreachester, VA 66549",Y,hours
388,Jordan Olson,663-85-2573,"USNV Barton
FPO AA 46887",Y,miles
389,Jennifer Hayes,710-37-3329,"139 Valerie Light Suite 012
Torresmouth, LA 23422",Y,hours
390,Olivia Black,652-55-4952,"38638 Juan Gardens
Port Justin, MH 27437",Y,hours
391,George Acosta,846-65-6895,"96161 Kimberly Springs
Nicholasside, MI 72243",N,miles
392,Julie Marsh,024-78-1277,"1052 Hall Groves Suite 520
West Tonyberg, WY 29490",Y,miles
393,Patricia Powell,640-14-8671,"617 Deleon Fork Suite 073
West Lisa, WA 60441",N,miles
394,Mr. Jordan Cooper,213-44-2613,"344 Wilson Extensions Apt. 570
North Danielchester, MA 04738",Y,miles
395,Timothy Burns,464-34-2363,"USCGC Murphy
FPO AP 06238",Y,miles
396,Kevin Peters,742-55-0577,"080 Harris Courts Apt. 872
New Angela, CA 98127",Y,miles
397,Christina Torres,607-48-0487,"528 Friedman Street Apt. 898
North Brandyfurt, AS 58990",N,hours
398,Eric Kelly,003-09-2732,"PSC 3761, Box 5476
APO AE 84721",Y,hours
399,Elizabeth Garcia,377-56-6032,"28840 Oliver Crossing
Portermouth, NC 79706",Y,miles
400,Anthony Higgins,614-62-1058,"007 Marsh Street Suite 256
West Stephenmouth, AS 53855",Y,hours
401,Edward Schultz,718-29-7818,"3542 Schmidt Hollow Suite 722
Lake Brandon, KS 35785",N,hours
402,Matthew Mcdonald,385-93-6188,"2724 Amy Wall
Gibsonview, FL 28874",N,miles
403,Rebecca Mills,701-50-1215,"262 Moore Square
West Edwardchester, PW 57011",N,miles
404,James Nelson,529-71-6435,"231 Martin Camp
Allenberg, CO 58308",N,hours
405,Juan Frank,149-69-5049,"440 Stephanie Alley Suite 340
South Shelia, TN 84991",Y,miles
406,Matthew Chang,050-31-1468,"7031 Shea Harbor
Port Joseph, GU 73557",N,hours
407,Maria Gomez,784-54-4802,"7355 Valencia Vista Suite 887
Ericchester, OR 38606",Y,hours
408,Daniel Duncan,752-82-9308,"71445 Manuel Branch
Jonesside, MO 67532",N,miles
409,Megan Johnson,677-23-1220,"10917 Joyce Tunnel
West Timothyborough, NJ 84521",N,miles
410,Lori Villegas,552-59-0009,"7868 Rice Drives Suite 569
Samanthaborough, RI 14905",Y,hours
411,George Stewart,176-31-1348,"87940 Mcbride Ford
East Corey, WI 21526",Y,miles
412,Mitchell Thomas,186-46-6813,"36751 Anne Greens
North Michelle, VI 01522",Y,miles
413,Michael Johnson,228-17-9786,"2052 Kimberly Plaza
Stevensontown, KY 30741",N,miles
414,Jeffery Bryant,204-55-8495,"USCGC Mitchell
FPO AA 08161",Y,miles
415,Cameron Mason,538-93-6160,"02155 Flores Green Suite 660
New David, NH 94354",Y,hours
416,Parker Gilmore,415-67-3682,"PSC 4719, Box 3999
APO AP 54678",N,miles
417,Joel Hicks,056-40-2496,"816 Morris Gateway Apt. 709
North Kent, VA 70989",N,hours
418,Emily Khan,522-75-7671,"5315 Carol Road
Georgeport, VI 26126",N,hours
419,Holly Young,841-78-0396,"233 Ellis Hill Suite 218
South Kimberly, WV 07662",Y,miles
420,Mario Callahan,067-70-3372,"068 Steven Fork
Manningborough, MT 17321",N,hours
421,Caitlin Hines DVM,441-32-5854,"79538 Eugene Forge
North Jonathan, AR 18123",Y,miles
422,Samantha Lee,413-57-6617,"93596 Douglas Plains Apt. 644
Davidport, DC 75389",Y,hours
423,Albert Webb,148-46-8261,"44884 Kathy Lodge Suite 772
Port Shawn, MH 82806",N,hours
424,Rita Burke,217-20-5737,"0292 Sanchez Mountains
New Seanbury, NJ 98401",Y,miles
425,James Cherry,069-86-6804,"1041 Rebecca Crescent Suite 874
West Veronicabury, PW 28584",Y,hours
426,Jennifer Adams,231-44-6448,"442 Steven Keys Suite 369
Arroyomouth, OK 26108",N,hours
427,Joanna Burton,264-53-8830,"90067 Johnathan Islands
Chentown, AK 24112",N,hours
428,Alexandra Stevens,361-66-0151,"12792 Davis Shoal Suite 045
West Madison, TN 59482",Y,miles
429,Dana Andersen,039-88-5227,"92373 Harris Locks Suite 748
Brownmouth, SD 79302",Y,hours
430,Barbara Price,264-57-3822,"45356 Steven Alley Apt. 566
West Brian, KS 74234",N,miles
431,Miss Hannah Wood,231-23-3180,"PSC 9859, Box 2791
APO AA 98641",N,hours
432,Andrea Harris,831-07-0240,"958 Michael Park
New Robertview, MD 65726",N,miles
433,Veronica Rogers,671-92-7872,"1576 Clark Field
Gwendolynstad, FM 47143",N,hours
434,Nicholas Hayes,745-02-6930,"496 Mccoy Junctions
Powellhaven, MN 30138",Y,miles
435,Angela Price,619-16-1788,"45857 Hunter Way
New Eric, MT 25277",N,hours
436,Ralph Williams,659-78-7668,"361 Roger Circles
North Brian, ME 36500",Y,miles
437,Emily Scott,478-11-0932,"954 Deborah Union Apt. 186
East Robertside, NV 31134",Y,miles
438,Barbara Sawyer,345-43-8434,"62664 Melanie Key Apt. 394
South Lance, VA 44562",Y,hours
439,Brittany Baker,646-25-8688,"1468 Eric Stravenue Apt. 252
Shannonport, AK 07652",Y,miles
440,Teresa Allen,558-69-9053,"715 Joy Mountains
Daveland, WI 73225",N,miles
441,Jonathan Thomas,795-96-3265,"897 Walker Heights Suite 135
South Donaldport, PA 10655",Y,miles
442,Nicholas Johnson,885-97-9024,"9806 Melissa Court Apt. 438
New Edwardbury, MN 14946",Y,miles
443,James Santana,363-05-4157,"86402 Gonzalez Corner
Ronaldtown, CA 17333",Y,hours
444,William Padilla DDS,656-72-8165,"792 Darius Spur Apt. 115
Davidland, HI 52259",Y,miles
445,Jeffrey Martin,099-14-8185,"58882 Nielsen Ports
Summersburgh, AS 43024",N,miles
446,Barry Lynn Jr.,437-44-0690,"90848 Smith Plaza Suite 260
Clarkland, ME 06171",Y,hours
447,Ronald Marsh,427-19-7479,"9546 Scott Spring
West Josephstad, MP 28289",Y,hours
448,Dan Stout,716-36-1234,"6818 Andrea Plain
Vickishire, PR 46440",Y,miles
449,Matthew Payne,303-92-3269,"23016 Peterson Shores Suite 878
Morgantown, OH 09102",N,hours
450,Brandi Lewis,164-61-8646,"2058 Michael Gateway
Lake Felicia, PW 82683",Y,hours
451,Brian Carlson,568-24-9142,"58785 Aaron Mountains Apt. 426
Danielfurt, SD 79135",N,miles
452,Kara Adams,329-92-6054,"6794 Williams Prairie Apt. 157
Stacyport, NH 37958",N,hours
453,Angela Reynolds,105-85-7244,"9592 Taylor Knolls Apt. 224
Omarland, MA 75534",N,miles
454,Jeremy Hernandez DDS,376-67-7901,"8438 Rachel Parkways
Jonestown, FM 56265",Y,hours
455,Jessica Martin,611-61-7281,"7772 Ferguson Rapid Suite 509
South Margaret, OH 86548",N,hours
456,Michelle Bennett,308-53-6824,"PSC 5309, Box 9315
APO AP 03771",Y,hours
457,Emily Ford,452-13-0289,"9585 Dougherty Squares
North Annashire, CO 64483",Y,hours
458,Andrew Tran,361-71-1504,"Unit 6720 Box 7857
DPO AE 89938",N,hours
459,Kimberly Rivas,437-43-8703,"206 Janice Valleys
South Troyshire, CA 29975",Y,miles
460,Michelle Lee,799-76-9314,"31690 Dunn Overpass
Port Donald, AL 88894",N,hours
461,Taylor Chavez,884-56-3629,"36754 Daniel Rue
Ibarramouth, HI 49703",N,miles
462,Heather Suarez,191-07-3066,"8069 Vaughn Springs
Smithburgh, GA 87949",N,miles
463,Todd Shaw,280-58-9962,"894 Johnson Common
Donovanchester, KY 02486",Y,hours
464,Nicole Green,822-97-9534,"50934 Faulkner Inlet
Walkerchester, OK 80863",Y,miles
465,Lisa Woods,335-89-7296,"7364 Mays Islands
New Jennifer, VA 14430",Y,miles
466,Michael Copeland,450-17-9842,"275 Clay Point Apt. 286
Jasonchester, GA 96287",Y,hours
467,Mr. Tony Johnson,167-65-9123,"4531 Smith Wall Apt. 535
Jenniferport, MN 85597",N,hours
468,Ryan Jackson,117-75-3593,"51248 Derek Mills
Janetland, NV 34510",N,hours
469,Anthony Quinn,801-62-3642,"684 Anna Turnpike Apt. 039
West Sharonburgh, AL 86542",N,hours
470,Mrs. Katie Thompson,407-67-2035,"358 Johnson Neck Apt. 837
Edwardtown, TX 03341",Y,miles
471,Steven Spencer,017-28-2248,"9353 Keith Circles Apt. 926
Moodymouth, IN 39563",N,hours
472,Lisa Miller,673-65-3517,"1850 Flores Trafficway
Jasonton, OR 49371",N,hours
473,Lisa Rogers,016-44-5429,"8624 Edwards Bridge
Nicholasside, GU 04829",N,hours
474,Mary Snyder,857-61-1355,"4143 William Junction Suite 327
Jerrytown, TX 69989",N,miles
475,Teresa Estes,659-11-1481,"PSC 0357, Box 5174
APO AP 45471",N,hours
476,Mark Gordon,481-88-6948,"0526 Stephen Branch Apt. 892
Lake Joseph, MI 88601",Y,hours
477,Daniel Wu,230-88-4079,"23132 Hudson Club Suite 378
Carlafort, TN 48741",N,hours
478,Rebecca Hanson,827-64-4936,"47030 Nicholas Trail Apt. 460
West Nicolemouth, CT 50987",Y,hours
479,John Williams,838-71-3176,"87242 Katherine Gardens
South Jasmin, PR 62883",N,miles
480,Bruce Hodge,392-76-8501,"52121 Matthew Motorway
Nicholasport, CA 89505",N,hours
481,Hunter Whitehead,295-23-6814,"5951 Mueller Orchard Suite 021
Jonesfurt, MI 95809",N,miles
482,Angela Munoz,038-97-1870,"208 Davis Terrace Suite 749
Kirbyland, ND 20214",N,miles
483,Kaitlin Nelson,091-02-8343,"508 Martin Island Apt. 761
East Megan, PA 06668",Y,miles
484,Matthew White,069-48-8153,"5762 Watkins Ferry Apt. 952
Michaelhaven, RI 17254",Y,hours
485,Charles Juarez,484-91-0735,"09212 Riley Shores Suite 654
Margaretton, CT 16783",N,miles
486,Amy Walker,174-07-5243,"79794 Allen Radial
Port Johnnymouth, VT 98094",Y,hours
487,Elizabeth Thomas,514-72-8520,"7722 James Throughway
Lake Devinhaven, SD 02115",Y,miles
488,Lindsay Kelly,893-62-2321,"6397 Ryan Fork Apt. 656
Lake Michelleville, PA 72796",Y,hours
489,Roy Caldwell,789-43-6070,"35330 Robbins Fords Suite 047
East Scottfort, PW 13896",Y,hours
490,Scott Myers,413-13-4973,"646 Joe Port Apt. 392
Mckinneyland, WA 60919",N,miles
491,Ian Mcclain,144-05-0773,"98752 Stewart Loop Suite 865
Wallaceberg, OR 06121",N,miles
492,Rachel Patel,795-66-0221,"PSC 0099, Box 7984
APO AA 32851",Y,hours
493,Kenneth Williams,744-56-8794,"772 Cunningham Island Suite 309
Bushfort, MT 80699",N,hours
494,Thomas Robinson,054-71-7003,"10870 Matthew Points
Jacobville, NV 54358",N,miles
495,Christopher Thomas,496-93-1672,"58873 Beverly Haven Suite 847
Maryport, ID 49649",N,miles
496,Eric Bennett,064-36-4144,"7013 Kelly Place
Hughestown, VT 03612",N,miles
497,John Stewart,082-09-5194,"678 Vaughn Green
Oconnortown, WV 46415",N,miles
498,Nicole Hanna,210-26-7946,"701 Theodore Pines Apt. 300
Chenmouth, TN 75798",N,hours
499,Tara Ramirez,836-07-2094,"05712 Sarah Stream
North Marissaport, FM 97633",Y,hours
500,Daniel Martin,335-19-8697,"656 Harry Mission
Josephmouth, WA 66783",N,hours
501,Richard Deleon,797-04-9421,"290 Davis Fork Apt. 614
Brianville, MT 41225",Y,miles
502,Justin Yates,030-38-4164,"7133 Fields Camp Suite 474
Lake Frankburgh, NJ 39725",N,miles
503,Carla Watkins,874-56-3166,"Unit 1928 Box 2139
DPO AA 61390",Y,hours
504,Jennifer Austin,741-31-5548,"970 House Villages
Amberborough, MI 29470",N,hours
505,Dakota Hall,073-33-4699,"5568 Werner Mount Suite 514
Hughesland, IN 70741",Y,hours
506,Jason Garcia,649-70-8485,"933 Dominguez Road
West Jamesberg, OH 35209",N,miles
507,Danielle Barnett,528-71-7158,"460 Charles Ranch
Jenniferchester, MI 44495",Y,hours
508,Cesar Johnson,803-84-1307,"95537 Perez Village
Taylorport, OR 44747",N,miles
509,Dr. Barbara Spencer,646-08-9728,"94586 Berry Junction
West Joseport, NH 16412",Y,hours
510,Jennifer Jackson,278-03-2714,"3451 Nicole Avenue Suite 169
Hendersonmouth, KS 76255",Y,hours
511,Mark Richards,105-39-5275,"9116 Fernando Forges Suite 262
Tonyaview, NJ 37027",N,miles
512,Tamara Moran,181-12-8072,"709 Adams Crest Apt. 707
Kevinview, MP 35792",Y,miles
513,Monique Benjamin,015-02-6628,"434 Taylor Junction Suite 006
New Seanville, LA 62827",N,hours
514,Lisa Miller,345-73-3616,"7415 Thompson River
Williamsfurt, ID 06752",N,miles
515,Todd Roberts,041-66-5002,"67555 Larry Squares
Banksstad, CA 12967",N,miles
516,Colleen Smith,831-11-3416,"198 Lee Mountains
North David, CA 46075",N,hours
517,Carmen Decker,736-80-1673,"8567 Alex Mills
Estradaville, UT 63602",Y,hours
518,Kristopher Ferrell,484-15-2253,"35091 Barry Ports
Kyleville, FL 73006",Y,hours
519,Amy Rodriguez,253-87-1036,"83002 Gray Mission Apt. 974
Lake Heather, RI 28911",Y,hours
520,Kathryn Meyer,040-34-0533,"1886 Nathan Square
Annmouth, FM 53382",Y,miles
521,Duane Bailey,802-25-2098,"068 Kimberly Gateway Suite 871
Philipstad, NH 58066",N,miles
522,Christopher Taylor,427-99-2146,"226 Fernandez Squares Suite 291
Port Aaronfurt, WV 12991",Y,miles
523,Kimberly Dyer,707-86-7945,"755 Debra Ways Apt. 949
Port Shannonborough, MS 86741",Y,miles
524,Stacey Sanchez,123-68-0730,"932 Shawn Lake
Lake Andreamouth, OR 11529",Y,hours
525,Barbara Beltran,021-62-5716,"04906 Mclean Circle
Port Brian, NM 29543",Y,hours
526,Kenneth Maynard,709-49-8366,"7627 Larson Row
Port Michelle, ME 78894",Y,hours
527,Gary Thompson,815-64-2965,"858 Gerald Street Suite 011
East Tiffany, GU 63247",N,hours
528,Deanna Fox,391-59-7789,"0861 Webster Grove Suite 983
East Rachelburgh, IA 13568",Y,hours
529,Mary Watkins,201-83-3858,"046 Aaron Land
Rosschester, TN 82653",Y,miles
530,Holly Santiago,018-29-1838,"8072 Roberto Lake Apt. 129
North Caitlinton, OH 19092",N,hours
531,Molly Peterson,398-85-5945,"40904 Christina Street
Blevinschester, MD 59245",N,miles
532,Glenda Carter,737-78-9299,"60106 Alyssa Point
North Jason, MD 44578",N,miles
533,Brooke Ramos,680-11-0049,"25438 Snyder Loaf
Nicoleton, MH 25151",Y,hours
534,Joshua Caldwell,507-79-8158,"Unit 4300 Box 5359
DPO AA 07618",N,hours
535,Kathy Neal,088-29-6254,"611 Elizabeth Loop Apt. 207
Derektown, VT 48656",Y,hours
536,Lindsey Flowers,735-36-5186,"805 Hill Green
Butlerport, KS 25427",Y,hours
537,Nathan Scott,206-47-5128,"PSC 0674, Box 3008
APO AE 42226",N,miles
538,Randall Taylor,254-45-9595,"7441 Eric Extensions Apt. 802
West Alexander, DC 54724",N,miles
539,Christina Nichols,122-98-5093,"760 Freeman Gateway
Lake Robertfurt, VA 36720",Y,hours
540,Emily Thomas,618-84-3456,"PSC 0060, Box 6451
APO AE 58547",Y,miles
541,Sara Walker,845-34-6507,"809 Fox Avenue
Lesterside, CT 49270",N,miles
542,Tina Lopez,201-38-0761,"41814 Brittany Flat
Rodriguezmouth, TX 79400",Y,hours
543,Dr. Tammy Hutchinson,618-82-6006,"3948 Shea Canyon Suite 616
East Laura, VI 21432",Y,miles
544,Gloria Greene,440-72-9919,"27657 Welch Coves Suite 253
Joycefurt, ME 43562",Y,miles
545,William Henderson,859-45-7356,"944 Davis Summit
Adamland, GA 98508",N,miles
546,Karen Jackson,680-59-2617,"88974 Jones Light
Cherylton, OR 75791",N,miles
547,Rachel Doyle,219-91-7863,"4006 Smith Manors Apt. 274
Williamshire, PW 17175",N,miles
548,Shirley Martinez,174-39-0465,"738 Williams Skyway
Port Danielle, OR 98417",Y,hours
549,Ronald Taylor,297-94-0682,"29601 Nathan Knolls
North Danielleborough, MS 42979",Y,hours
550,John Turner,555-54-6238,"40328 Kevin Harbors Apt. 430
West Austin, SC 67219",N,hours
551,Hannah Murphy,659-85-9672,"802 Brenda Hollow Apt. 136
West Williamview, GA 23163",N,miles
552,Taylor Bentley,712-12-4639,"16816 Williams Rue Apt. 909
North Matthewborough, MO 34083",Y,hours
553,Scott Martinez,078-06-1964,"90476 Anthony Brook Apt. 866
Meaganburgh, GU 76253",N,miles
554,Felicia Mayer,143-03-2925,"1343 Sanders Tunnel
Lake Tara, ND 83957",N,hours
555,Christopher Lee,680-28-5984,"36416 Nicholas Ferry Suite 586
North Rachel, CA 26044",Y,miles
556,Andre Berry,141-53-9230,"603 Bethany Club Apt. 889
Jodiburgh, NH 45764",Y,hours
557,Stephen Young,208-50-1544,"10590 Wood Knolls
Bartonport, PR 85485",Y,hours
558,Alexandra Chen,057-45-7330,"9003 Joseph Gardens Suite 612
Bryantton, AR 41094",Y,hours
559,Amy Reese,262-37-1642,"364 Davis Harbors Suite 453
Andersonton, NM 66113",N,miles
560,Barry Jones,359-67-9155,"7861 Daniel Island
Hallborough, HI 77791",Y,hours
561,Natalie Deleon,662-88-8493,"USCGC Suarez
FPO AA 42865",Y,hours
562,Shirley Ellis,543-95-7580,"1601 Tony Cliff Suite 870
East Monicashire, CA 99321",N,hours
563,Mr. Brian Peterson,150-52-4710,"9014 Combs Garden
Wilsonmouth, CO 28083",Y,miles
564,Jill Schultz,533-80-7878,"6159 Michael Cliff
Brownstad, MH 05949",Y,hours
565,Jennifer Klein,083-38-0211,"66988 John Highway
South Jeffreyport, VI 17349",Y,miles
566,Mark Herrera,431-29-5073,"19714 Ashley Circle Suite 270
East Lancefurt, MO 31519",N,hours
567,Dr. Robert Hopkins,112-37-8621,"558 Kenneth Knolls
Crystalbury, TN 21721",N,hours
568,Kristine Davis,241-84-0824,"02156 Stephen Pine Suite 627
Howellfurt, AS 28865",N,hours
569,Christopher Graham,423-36-0096,"5006 Francis Rapid
West Colleen, AS 10382",N,miles
570,Steve Braun,091-50-6435,"47829 Fowler Extensions
Jefferyton, NV 71430",Y,miles
571,Brooke Beck,331-78-8802,"648 Stephanie Fort
Michelestad, GA 08529",N,hours
572,Amy Wheeler,820-72-7554,"9297 Austin Extension Apt. 255
Marqueztown, NM 26124",N,miles
573,Tiffany Flores,564-51-1994,"78067 Isaac Square Apt. 325
Lake Christy, DC 97014",Y,hours
574,Chelsey Johnson,851-46-4150,"752 Zamora Views
Dunnside, WY 57732",Y,hours
575,Jennifer Phillips,292-69-9670,"1778 Smith Camp
Port Chelsea, WI 57648",N,miles
576,Jason Evans,332-68-9623,"USS Padilla
FPO AP 16564",N,miles
577,Danielle Taylor,306-32-4197,"3983 James Junctions
Port Mary, IN 28117",Y,miles
578,Nicholas Huynh,487-07-9115,"6156 Wheeler Harbors Suite 941
East Veronicahaven, MD 20957",Y,hours
579,Ashley Porter,745-99-5948,"PSC 0027, Box 2755
APO AA 59611",Y,miles
580,Hayley King,200-27-4635,"33087 Gomez Meadow
Port Ianborough, NY 57249",N,hours
581,Cindy Skinner,094-33-4852,"71423 Wheeler Plaza
Williamsstad, MN 65370",Y,hours
582,Colleen Bennett,446-42-5429,"4992 Baker Pine Suite 459
West Michellechester, AZ 32586",N,hours
583,Ian Brown,715-47-8744,"7500 Lee Parks
New Feliciaborough, WI 32384",Y,miles
584,Austin Crawford,500-82-7833,"Unit 0203 Box 9472
DPO AA 28075",Y,hours
585,Robert Stafford,480-70-0946,"38757 Jacob Rapid Suite 010
Port Amanda, NV 72717",Y,miles
586,Timothy Miller,477-15-4972,"77440 Michael Center
North Charlesview, FL 90332",N,miles
587,Donna West,811-97-5208,"314 Davis Valleys Suite 590
Port Richard, DE 24150",N,hours
588,Olivia Lee,281-98-7122,"8611 Gutierrez Garden
Port Stacyfurt, MI 51422",N,miles
589,Dustin Bell,193-64-2198,"06594 Steven Road
Lake Dustin, MA 62727",Y,miles
590,Catherine Robles,299-67-6004,"833 Tracey Heights Apt. 666
Marquezstad, ME 02955",Y,miles
591,Lori Holden,877-87-1215,"99225 Lewis Freeway Apt. 358
West Xavier, AK 48491",N,miles
592,Curtis Adams,137-72-7485,"70846 Jordan Locks Apt. 815
Lake Johnnyhaven, VI 48574",N,miles
593,David Harrison,845-56-7583,"290 Sharon Union
West Bethany, MP 69714",Y,hours
594,Bobby Sexton,573-66-6834,"10582 Valenzuela Dale
New Lauraview, NE 36387",Y,miles
595,Christina Brown,222-53-0152,"7901 Ramirez Run
South Joestad, IL 93315",Y,miles
596,Richard Myers,058-63-4069,"74760 Mark Ports Suite 724
Castilloport, NE 54790",Y,miles
597,Joseph Shaffer,183-92-7492,"544 Vickie Vista Apt. 879
Johnmouth, VI 83575",Y,miles
598,Patricia Ferrell,685-40-1315,"4771 Matthew Ridges
Stephenshaven, NY 28687",Y,hours
599,Erin Kelley,605-18-8611,"976 Jessica Ferry Suite 093
Hayleychester, NJ 23958",N,miles
600,Barbara Anderson,696-43-8493,"73076 Chad Forest
Traceybury, VI 74892",Y,hours
601,Justin Hill,692-56-5661,"7941 Anthony Lakes Apt. 175
Levibury, NM 37617",N,hours
602,Jason Moran,057-95-5245,"0160 Kane Ways
Riceport, PA 86837",N,hours
603,Katie Rich,868-81-3316,"50882 Harrington Roads Apt. 707
South Robertmouth, FM 77516",Y,hours
604,Travis Fernandez,785-54-8604,"612 Krueger Mount
Chanland, UT 35915",Y,miles
605,Danielle King,406-09-3835,"82189 Jennifer Parkway Apt. 677
Nicholasland, ME 16069",Y,miles
606,Tracy Ramos,457-84-4983,"431 Dickerson Island
Alanbury, WA 81063",N,miles
607,Andrew Wilkinson,144-89-2351,"1912 Joshua Walk Suite 122
West Carl, PR 33663",Y,miles
608,Alex Holloway,872-81-3683,"504 Annette Orchard Apt. 579
West David, WA 16285",N,miles
609,Theresa Hoover,673-93-5745,"50320 Diana Ford Apt. 867
West Maryside, ME 29865",Y,hours
610,Mary Brown,456-14-5934,"Unit 8566 Box 5017
DPO AP 39451",N,hours
611,Jasmine Grimes,790-45-2159,"Unit 0279 Box 1120
DPO AE 51069",Y,miles
612,Abigail Williams,739-45-7207,"41871 Wilkins Haven
Powellstad, PR 14331",Y,miles
613,Michael Hobbs,377-75-0010,"USS Patel
FPO AE 34337",N,hours
614,Kristina Bautista,725-27-9426,"PSC 1156, Box 1671
APO AA 15076",N,miles
615,Kayla Nicholson,888-45-6989,"35444 Julie Light
New Amandaberg, IL 32821",Y,hours
616,Janet Edwards,458-24-6426,"64511 Armstrong Cliff Suite 126
Port Steven, WY 17704",N,hours
617,Tiffany Peterson,877-67-6170,"409 Williams Parkway
Oliviahaven, UT 90034",N,miles
618,Monica Wallace,380-36-3440,"2403 Edwards Wall Suite 828
New Markside, OR 25260",N,miles
619,Joshua Harris,108-16-4957,"80144 Walton Path Apt. 020
Clarencechester, HI 51171",N,miles
620,Amy Kennedy PhD,393-09-6306,"839 Lopez Terrace
Hornstad, WV 44835",Y,hours
621,Alexander Garcia,331-22-5266,"6498 Cynthia Crest
New Amyport, WI 81254",N,hours
622,Michael Larson,818-17-5888,"15154 Richard Lake
West Ashleymouth, AR 78329",N,miles
623,Elizabeth Snyder,395-91-3042,"USNV Bolton
FPO AP 55964",Y,hours
624,Carolyn Pitts,069-83-3933,"45064 Matthew Junction Suite 897
Port Robertton, MD 12137",Y,miles
625,Richard Reid,816-04-1374,"051 Angela Highway
Justinchester, OH 77876",N,miles
626,Adam Ray,023-80-8393,"1952 Chad Shore Suite 147
Gabrielhaven, SD 53542",N,hours
627,Krista Ellis,892-40-3099,"3175 Beck Village Apt. 181
Boydside, RI 80182",Y,hours
628,Cindy Lopez,647-79-0495,"616 Nicole Freeway
Chapmanville, NY 21454",N,miles
629,Ryan Taylor,079-46-2893,"0476 Hudson Landing
East Christiemouth, CA 47674",Y,miles
630,Thomas Daugherty,745-56-1686,"22203 Brittany Inlet
South Deborah, OH 40140",Y,hours
631,Jennifer Griffin,311-81-6013,"4983 Garcia Falls Apt. 213
West Timothyville, WI 17448",N,hours
632,Christopher Hensley,843-11-9401,"7420 Duarte Overpass Suite 273
Jacksonland, AZ 93560",Y,miles
633,Samantha Johnson,625-86-6699,"411 Love Centers Apt. 190
Hannahborough, KY 71725",N,miles
634,Christopher Rollins,790-12-2734,"7427 Thomas Garden Suite 304
South Kristen, OH 12605",N,hours
635,Katie Chase,883-85-6714,"0800 Henry Route Apt. 072
Manuelbury, FL 04720",Y,miles
636,Vincent Bridges,397-13-0752,"34713 Mary Ridge Suite 007
South Anthony, UT 98164",N,miles
637,Joseph Bennett,209-17-0191,"875 Cody Knoll Apt. 993
East Richard, FM 72376",Y,miles
638,Jose Hogan,044-85-3296,"3600 Roberts Summit
Port Andrew, KS 79826",N,miles
639,Sharon Gardner,497-40-6947,"40315 Hinton Cliffs Apt. 190
Paulafort, WI 86021",Y,miles
640,Timothy Robles,127-96-9094,"7885 Christopher Courts
Lewishaven, WA 10664",Y,hours
641,Charles Obrien,690-88-5329,"PSC 0269, Box 2555
APO AA 06979",Y,miles
642,Zachary Hall,252-68-5210,"63913 Golden Shores Suite 299
West Debbie, IL 47364",N,miles
643,Gregory Yang,107-53-3037,"23011 Johnson Squares
Gregoryfurt, UT 65327",Y,hours
644,Daniel Parker,406-32-1772,"3956 Turner Rapids
Staceystad, RI 93896",Y,miles
645,Candice Weaver,011-06-0108,"PSC 0237, Box 0288
APO AE 36414",N,miles
646,Donna Jones,553-83-6655,"0103 Fuentes Manors
East Jasonfurt, GU 31812",Y,hours
647,Kathryn Martin,560-63-3871,"62798 Reyes Fork
Edwardsstad, AS 63610",Y,hours
648,Nancy Baker,104-71-9789,"911 Henderson Green Apt. 573
Whitefort, PR 23905",Y,hours
649,Brittany Bishop,642-56-5457,"USNV Burton
FPO AA 76684",N,miles
650,Alexander Crawford,584-39-5917,"9691 Brown Port
New Natalie, HI 10164",N,hours
651,Justin Austin,532-11-2385,"93349 Thomas Gateway Apt. 736
Karenshire, WI 92741",Y,miles
652,Shannon Adams,227-22-6841,"743 Jose Oval Suite 866
South Angelaville, FL 87020",N,miles
653,Jack Mullen,443-01-8358,"2759 Taylor Expressway
Port Teresachester, WA 36881",N,miles
654,Lisa Morales,287-22-4833,"987 Stevens Glen
Richardshaven, WV 63829",Y,hours
655,Felicia Hudson,072-92-8054,"Unit 1704 Box 2306
DPO AP 95730",Y,hours
656,Robert Kelly,892-56-3976,"408 Mcfarland Isle Apt. 212
Port Matthew, NC 15799",Y,hours
657,Karen Johnson,061-34-2588,"1497 Geoffrey Divide Suite 756
Romanland, FL 14359",Y,miles
658,Whitney Copeland,585-87-1942,"456 Newman Streets Apt. 552
Hardinfort, RI 64050",Y,hours
659,Christopher Vincent,601-05-5473,"6463 Carly Divide Apt. 362
Lake Paulmouth, MD 37127",N,hours
660,Leslie Griffith,379-88-8930,"4660 Henderson Pass
Donaldville, VI 21486",N,miles
661,Tina Smith,700-54-6611,"171 Brooks Shore
New Gregshire, CT 83602",Y,hours
662,Ashley Garcia,817-66-2289,"777 Green Points
North Justin, DC 26999",Y,miles
663,Angelica Whitaker,166-35-1453,"5414 Shannon Port Suite 182
New Beth, ME 45368",Y,hours
664,Benjamin Mcfarland,794-27-2776,"10572 Guzman Wells
Lake Shannonstad, OR 34315",Y,miles
665,Timothy Kemp,885-41-9054,"7321 Taylor Underpass Apt. 734
Fisherstad, WY 28095",N,miles
666,Emma Ferguson,470-03-2099,"082 Javier Falls
New Matthewton, MS 66300",Y,hours
667,Kyle Nelson,773-49-3075,"48843 James Streets
Caldwellland, FL 06005",N,hours
668,Jacqueline Hodge,151-28-6600,"5974 Audrey Wall
East Williamhaven, HI 52747",Y,miles
669,Marc Murillo,586-60-8950,"88439 Joshua Center Suite 776
West Russellstad, AK 32959",Y,hours
670,Stacey Harding,182-30-6280,"6562 Pacheco Circle Apt. 347
Jeanetteside, GA 98797",Y,hours
671,Mrs. Sarah Collins,629-61-3158,"89982 Jessica Road
Murphychester, MO 46229",N,hours
672,Brandon Lopez,067-48-8910,"952 Hannah Harbor Apt. 028
Andrewsside, NJ 88069",N,hours
673,Mary Lee,791-07-9718,"8834 Phillips Prairie Apt. 710
Andreshaven, GA 99488",Y,miles
674,Regina Williams,877-75-6056,"7004 Christina Station Suite 070
South Cassidyville, MP 97798",Y,hours
675,Debra Harmon,345-64-2986,"83608 Pamela Cliffs
Grantland, NH 83876",N,miles
676,Paul Rogers,839-24-5721,"6466 Lawrence Meadow
West Joan, OR 46396",N,miles
677,Amy Wilson,111-60-7570,"60970 Henry Gateway
Lake Guystad, AL 61625",N,miles
678,Misty Stewart,632-33-6785,"2019 Powell Island
Byrdberg, LA 13343",Y,miles
679,Eddie Bond,844-81-8016,"59340 Newman Ridge Apt. 812
Wilsonfort, FM 75813",Y,hours
680,Julia Mccoy,515-28-1894,"48458 Russell Valleys Apt. 076
Aimeeport, NC 66764",Y,miles
681,William Burke,797-66-4946,"3041 Matthew Cliffs
Hollandstad, PW 76968",Y,miles
682,Donna Jones,823-76-9982,"823 Valerie Prairie
South Gloria, UT 25442",Y,hours
683,Diana Boyer,288-49-2702,"5393 Moreno Springs
Stephentown, DC 86492",N,hours
684,Leonard Terrell,217-59-5182,"457 Katherine Mission Apt. 877
Cathyhaven, NM 45677",N,miles
685,Dominic Cooper,489-03-1068,"9951 Michael Pass Suite 436
East Michaelberg, MS 25702",Y,hours
686,Jillian Ford,044-98-6041,"944 Angie Keys
Whitneytown, CA 40503",Y,miles
687,Jose Wilson,249-33-3237,"56177 Michael Village
Longberg, WA 08776",N,hours
688,Amanda Walters,883-54-2212,"711 Villanueva Rue
East James, OH 28343",N,hours
689,Alexander Walker,074-40-8781,"4166 Amanda Mall
South Ryanhaven, SC 33087",Y,hours
690,Christy Ray,296-72-9138,"117 Marissa Court
Clarkmouth, RI 99258",Y,miles
691,Aaron Hampton,340-62-1273,"7413 Freeman Centers
West Gary, MA 58990",Y,hours
692,Lisa Gibson,582-93-7324,"86689 Michael Circles Suite 864
South Michael, NH 39642",N,hours
693,Benjamin Fitzpatrick,349-05-7500,"554 Daniel Union Apt. 030
North Courtneychester, NH 82841",Y,hours
694,Henry Thomas,540-20-0237,"99373 Johnston Wells Apt. 583
East Ashley, TN 42349",Y,miles
695,Joshua Logan,429-30-5355,"617 Foster Street Suite 408
Lake Barbaraview, NJ 38207",N,miles
696,Isabella Rodriguez,524-29-8873,"4487 Williamson Lake
North Janeberg, CT 54862",Y,hours
697,Mr. Brent Friedman,402-19-6411,"255 Donald Springs Suite 087
Clarkchester, VI 32201",N,miles
698,Katherine Perez,446-84-6761,"80383 Cervantes Shore
Wilsonfurt, WY 51703",N,hours
699,Sonya Norton,116-49-9476,"74757 Burgess Mountain Suite 601
New Yolanda, ID 71782",Y,hours
700,Sean Brown,436-33-7329,"12958 Young Circle Apt. 111
East Daniel, RI 89066",Y,hours
701,Corey Burton,735-28-7517,"82429 Stephen Fork Suite 980
Lake Wendy, SD 15054",N,miles
702,Kara Maldonado,125-74-0425,"3341 Jaclyn Mall
West Gavin, PW 32863",Y,hours
703,Ronald Buchanan,494-99-7645,"94058 Alejandro Ways
Samanthastad, WA 04381",N,miles
704,Brittany Smith,157-24-6717,"5085 Davis Union Suite 479
Jacquelinemouth, NY 00835",Y,hours
705,Carmen Ware,264-29-4430,"89019 Wesley Street Apt. 553
East Joannburgh, UT 39469",Y,miles
706,Kevin Zhang,262-80-2906,"99035 Tyrone Place Apt. 735
North Teresaport, FM 56805",N,miles
707,Tracy Cline,356-60-8560,"3628 Bell Ville
Port Sherrifort, AS 76166",N,hours
708,Alejandro Villa,500-77-8132,"287 Rogers Flat Apt. 125
Olivertown, NV 96029",Y,hours
709,Michael Keith,546-42-1460,"17220 Ashley Drives Apt. 929
West Davidburgh, OR 52686",N,hours
710,Brandon Green,683-05-6677,"28081 Christine Lodge Suite 684
Duncanmouth, MH 54672",N,hours
711,Richard Gray,317-18-8351,"891 Lawson Gateway Apt. 593
Ashleyhaven, WY 07790",Y,hours
712,Mariah Schneider,526-54-7376,"851 Douglas River
East Brent, NC 29664",N,hours
713,Stephanie Cruz,880-95-3478,"12901 Robert Green
East Elizabethshire, VT 09224",N,hours
714,Tammie Zhang,831-37-6542,"52435 Bailey Orchard
Patriciaville, AS 08482",Y,hours
715,Wyatt Montgomery,419-44-3771,"144 Steve Mission
Kelseyberg, VA 29918",N,hours
716,Robin Bates,552-26-7553,"803 Holland Ville Suite 300
Brooksport, ID 92972",Y,miles
717,Jennifer Thompson,715-11-3764,"258 Perez Ports
North Evelynborough, NE 06206",N,miles
718,Tonya Rivera,105-28-8995,"506 Michelle Well
South Timothybury, PW 89351",N,hours
719,Nicholas Cruz,087-34-4494,"64870 Jennifer Mountain Suite 124
Davidville, MI 41292",N,miles
720,Mark Collins,611-79-8619,"0535 Gonzalez Landing
Timothyside, AK 88451",N,hours
721,David Nichols,197-32-7099,"174 Guerra Extension
Coleshire, AK 75772",N,hours
722,Jason Barr,087-01-0078,"186 Stout Common
Lake Amandahaven, NV 16843",Y,hours
723,Trevor Evans,265-78-3378,"83008 Edwards Village
Ashleybury, AK 67299",Y,hours
724,Arthur Haynes,687-26-6840,"654 Thomas Causeway Apt. 698
Johnmouth, IL 55782",Y,hours
725,Sara Mills,323-89-3521,"8611 Gilbert Divide Suite 475
Meghanport, AZ 51786",Y,miles
726,Julia Thompson,460-41-8802,"95217 Ashley Loop
Padillastad, KY 72003",N,miles
727,Amy Finley,180-42-4392,"03493 Selena Mall Suite 544
South Philipland, TX 29198",N,miles
728,Cameron Chavez,289-15-3891,"131 Anderson Wall Apt. 814
Amandaton, VI 66699",Y,hours
729,Kiara Wise,877-76-9146,"9329 Troy Port Apt. 699
Masonshire, MI 13635",Y,miles
730,Robert Baker,414-62-7620,"725 Jamie Causeway Suite 692
South Jacobshire, VA 53907",Y,hours
731,Randy Warren,123-78-4956,"53459 Collins Turnpike Apt. 796
Andrewshire, NE 58979",Y,miles
732,Robert Gillespie,167-73-2807,"1732 Dalton Square
Kristenmouth, SC 36766",N,hours
733,Yolanda Turner,871-91-5401,"332 Ryan Mills
Perryport, NY 54940",Y,miles
734,William Allen,820-43-9257,"8464 Joseph Plains Apt. 533
Lake Matthew, NY 84479",Y,miles
735,Sean Morales,560-55-6143,"888 Lee Street Apt. 001
South Ericfort, OR 99313",N,miles
736,Brittany Poole,588-40-1529,"959 Griffin Squares Suite 394
Melissaport, RI 26782",N,hours
737,Bruce Robinson,570-61-9905,"PSC 0084, Box 1965
APO AA 23470",N,miles
738,Troy Pham,050-46-8640,"0987 Susan Circles
Andersonport, VA 22709",Y,hours
739,Jamie Warner,216-95-9700,"31157 Shannon Plains
South Scottshire, GA 52574",Y,hours
740,Brenda Simpson,312-12-4495,"1278 Moody Creek Apt. 590
Mendezbury, MT 15109",Y,hours
741,Sharon White,489-20-7195,"58670 Huffman Roads Suite 535
New Andrew, NY 15844",Y,miles
742,Barbara Ray,072-15-4439,"1241 Hannah Corner
Martinezland, NV 74378",Y,hours
743,Pamela Cobb,114-22-5145,"653 Lauren Camp
Ericchester, MP 80444",N,hours
744,Shawna Williams,321-06-3204,"1369 Amanda Mountain
Kevinburgh, VA 24397",Y,miles
745,Alicia Roberts,668-62-7810,"7810 Harrell Corners Suite 361
New Linda, AR 92472",Y,hours
746,Justin Patel,243-18-9159,"6567 Horton Port Suite 219
West Kelseyport, CA 05982",N,miles
747,Alexandra Hill,080-57-3261,"1640 Lindsay Flats
Louisfort, PW 65540",N,hours
748,Christopher Willis,827-86-1566,"9076 Hill Isle
Nicoleborough, VT 39102",Y,hours
749,Jonathan Smith,825-60-1355,"31721 Jamie Club Apt. 378
Littlechester, MA 21419",N,hours
750,Jamie Palmer,520-57-7027,"581 Sheryl Inlet Suite 314
Shawnview, FM 78925",N,hours
751,Mr. Gregory Combs MD,566-85-0854,"Unit 3263 Box 7347
DPO AA 65900",N,miles
752,Sherri Grant,575-91-5997,"92939 Chase Spring Suite 963
South Jillian, MS 34406",N,hours
753,Mark Miranda,484-67-7373,"79056 Brown Union
New Amber, CA 16774",N,miles
754,Carol Meyer,518-46-1739,"15581 Charles Harbor
Zacharyport, VT 61408",Y,miles
755,Mrs. Sheila Gallegos,568-42-9462,"7140 Joseph Parkways
Smithborough, PA 52208",Y,hours
756,Mark Gonzales,264-98-5160,"037 Cooper Plains Suite 965
Millerton, AZ 51521",N,miles
757,Alejandra Maxwell,445-49-5651,"1045 Hannah Islands
Nicoleport, GU 04751",N,miles
758,Daniel Kramer,072-08-7525,"19293 Samantha Hills
New Jenniferhaven, ID 37196",N,hours
759,Benjamin Flores,016-72-1581,"41170 Donovan Club
Fordton, OK 36246",Y,miles
760,Erin Adams,859-38-5880,"003 John Mission Suite 167
Port Russell, MS 32268",N,hours
761,Michael Sandoval,273-48-9375,"Unit 3149 Box 0890
DPO AP 25538",N,miles
762,Tommy Snyder,704-90-3026,"199 Cheyenne Springs
Williamstad, KY 54783",N,hours
763,Miguel Smith,261-36-3594,"730 Micheal Run Apt. 157
Vargasburgh, IL 08622",N,hours
764,Jeffrey Fuller,010-91-3424,"9539 Knight Drives Suite 806
West Matthew, NM 67902",Y,miles
765,Michael Moore,224-25-8885,"5228 Taylor Spur Suite 407
Port Michaelville, WA 24308",N,miles
766,Leslie Hudson,381-15-9382,"333 Pineda Turnpike Suite 670
Port Danielbury, AR 74742",Y,miles
767,Charles Buchanan,813-93-6686,"28243 Jon Terrace
West Gregoryland, PA 40686",Y,hours
768,Thomas Burton,155-67-7897,"2387 Forbes Viaduct
Cathyberg, PA 75220",Y,hours
769,Jennifer Mata,848-38-6225,"3479 Silva Turnpike Suite 577
New Sarahfort, NE 08106",N,hours
770,Tracy Sexton,430-77-3354,"4056 Carpenter Ramp
Lake Maryberg, SD 23309",N,hours
771,Richard Parrish,027-99-8461,"1667 Hood Track Suite 754
Huntershire, MO 90002",Y,hours
772,Shane Michael,208-17-1798,"47105 Amber Forest
Stephanieside, NM 76148",N,hours
773,Jamie Howell,656-20-3015,"0715 Larry Curve Suite 223
West Charles, WV 57957",Y,hours
774,Kimberly Cannon,436-43-5725,"292 Justin Alley Apt. 573
East Robert, TX 70349",Y,miles
775,Richard Scott,774-23-9820,"65950 Anna Rapid Suite 098
Wiseberg, IL 46077",Y,hours
776,Martha Brown,287-64-0915,"981 Campbell Flat
Graymouth, MH 65097",Y,hours
777,Kevin Morris,267-63-6009,"641 Glover Rapids Apt. 640
Ericchester, AL 66538",N,hours
778,Joseph Cook,510-44-8706,"394 Brian Viaduct
West Timothy, IN 63601",N,hours
779,John Garza,129-95-7316,"992 William Manor Apt. 954
Julieborough, MO 12104",Y,hours
780,Daniel Velasquez,728-10-6685,"7056 Kendra Estates Apt. 296
South Alyssaville, RI 31932",N,hours
781,Melinda Riggs,683-56-4303,"3205 Walker Corners
Port Rebecca, AL 30484",N,hours
782,Amanda Lawson,036-74-4095,"560 Martin Island Suite 085
New Christopherland, MT 51671",N,miles
783,Johnny Salazar,469-39-2594,"756 Mary Road Apt. 011
East Katelyn, IL 12513",Y,miles
784,Victor Johnson,527-39-9612,"4843 Peters Ridge Suite 523
Ginafurt, PA 76572",Y,hours
785,Ryan Hayes,129-74-6415,"0538 Michael Pike Apt. 328
Port Christian, MN 65755",N,hours
786,Dennis James,322-80-2422,"60624 Hernandez Spur
East Kevin, LA 18982",Y,hours
787,Joseph Dixon,327-93-4701,"94427 Mary Knolls
Port Davidview, SD 70306",Y,miles
788,Jacob White,006-27-2055,"5234 Debra Valley Suite 572
Robertmouth, CA 62278",N,hours
789,Ashley Rich,048-44-3637,"2570 Daniel Plains
South Jackstad, AS 01396",Y,miles
790,Eric Castro,533-86-0557,"8622 Norman Vista Suite 150
West Crystal, FL 54722",Y,miles
791,Jared Wright MD,029-25-7709,"403 Lisa Route Suite 795
New Michaelstad, MP 46445",Y,miles
792,Joshua Frye,716-38-9599,"774 David Dale Suite 348
Lake Michael, KS 70715",N,hours
793,Kara White,343-33-8012,"USNS Sharp
FPO AE 55214",Y,hours
794,Andrew Pineda,551-10-8142,"775 Emily Expressway Apt. 023
Kathymouth, DC 45887",Y,hours
795,David Mann,025-72-7123,"Unit 6799 Box 6916
DPO AA 94430",Y,hours
796,Robert Graham,599-18-4335,"1780 Roberts Fords
Barnestown, OR 42343",Y,hours
797,John Martinez,325-36-8218,"939 Kelly Glens
Oconnorport, KS 98494",N,hours
798,Julie Shaw,552-51-3504,"919 Dana Estate Suite 422
Kimberlyberg, NJ 61313",Y,hours
799,Erica Webster,845-03-7302,"9220 Morse Squares
North Steven, TN 29190",Y,hours
800,Marcus Roy,468-70-2425,"25878 Carrie Mission
Lake Pennystad, SD 63455",N,miles
801,Susan Hale,012-51-9413,"877 Shelby Crossroad Suite 653
Port Jose, OH 41551",Y,miles
802,Brianna Hicks,657-45-1799,"27306 Bradley Bypass
Mooreton, SD 08821",Y,hours
803,Adam Hogan,029-66-3679,"12933 Daniels Haven Apt. 397
Smithview, MO 84001",N,miles
804,Wendy Johnson,139-74-7931,"191 Jeremy Shoals
East Amandastad, HI 40682",Y,hours
805,Jacob Castro,056-81-6332,"303 Hess Mills Apt. 208
East Candicefurt, MD 26791",N,hours
806,Susan Snyder,791-26-5044,"611 Nathaniel Isle Suite 133
South Haleymouth, MS 62395",N,miles
807,Cheryl Terrell,336-29-3782,"442 Sandoval Terrace Suite 636
Chadview, LA 17306",N,miles
808,Sarah Jones,007-09-9450,"7281 Smith Unions
Robertborough, KY 24470",N,hours
809,Gloria Key,876-71-3510,"592 Nicole Club
New Maureenmouth, OK 48935",Y,miles
810,Tammy Obrien,607-12-3594,"7821 Mccall Overpass Apt. 909
New Emilytown, MN 85549",N,hours
811,Samantha Simmons,340-12-3611,"4444 Gardner Stravenue
Duarteshire, CO 45240",Y,hours
812,Luis Brown,738-84-7951,"199 Randy Wall Suite 515
Joshuaburgh, DC 00892",N,miles
813,Melissa Contreras,268-79-2220,"987 Jones Groves Apt. 550
South Benjaminchester, NJ 80422",Y,miles
814,Carly Wilson,148-64-9077,"Unit 8420 Box 3330
DPO AA 26491",N,hours
815,Michelle Hall,301-82-2826,"0971 Ayala Fords
Lake Scottshire, PR 75247",N,hours
816,Shari Smith,011-29-4100,"36538 Melissa Glens
Lake Kimberly, CA 49576",Y,miles
817,Erica Hernandez,667-80-1760,"22517 Karen Trafficway Suite 001
Beckburgh, AR 36063",N,miles
818,Louis Stevens,126-38-3092,"39761 Victoria Villages Suite 229
Lake Amanda, PA 60805",Y,miles
819,Taylor Davis,683-59-8038,"51716 Hamilton Bypass
New Timothyborough, MT 41234",N,hours
820,Allen Day MD,458-88-0375,"44951 Benton Wells Apt. 190
South Rodney, NM 49228",Y,miles
821,Richard Terry,623-07-2036,"8659 Eric Park
Steventon, NV 71659",Y,miles
822,Sandra Morgan,682-62-4528,"5815 Moore Dale Apt. 001
Smithborough, AZ 50196",N,miles
823,Brooke Wagner,439-45-3203,"82222 Evelyn Garden
Patrickstad, MT 91928",N,hours
824,Sandra Wong,667-03-9198,"3450 Graham Parkway Apt. 269
New Davidview, MP 49069",Y,miles
825,Michelle Ellis,001-09-6356,"802 Shannon Mills Apt. 729
Lawrencefurt, OR 37422",Y,miles
826,Maria Wilson,244-89-6427,"511 Kyle Junction
Sandrafort, OR 36527",Y,miles
827,Mark Spencer,686-09-6907,"74247 West Turnpike
East Ericberg, MH 69605",N,miles
828,Laura White,820-17-3778,"086 Tonya Islands Suite 858
Beckbury, MI 93450",N,miles
829,Joseph Ryan,863-50-4848,"8604 Amber Mountains
Christopherstad, ME 79485",N,miles
830,Jimmy Smith,264-58-2869,"33485 Rachel Locks Apt. 983
West Benjaminshire, PW 60534",N,miles
831,Lauren Murphy,157-35-5754,"USNV Kennedy
FPO AA 96541",N,miles
832,Breanna Franklin,055-84-5877,"489 Taylor Light
Shawnhaven, FL 30212",N,miles
833,Elizabeth Horton,016-69-9180,"4006 Chaney Pines Apt. 368
New Samuel, TX 32975",N,miles
834,Melissa Adkins,634-01-4327,"00113 Gomez Causeway Apt. 881
Cainport, MT 10746",N,hours
835,Todd Kelly,818-06-8518,"0674 Morgan Ranch
East Mark, OR 73563",N,miles
836,Cole Chan,668-17-2430,"349 Ortiz Expressway
Lake Laura, TN 64776",Y,miles
837,Daniel Cummings,710-86-0582,"381 Garcia Shore
Reyesshire, MH 63053",Y,hours
838,Cheryl Brewer,460-12-2257,"489 Holmes Union
Boyerberg, CO 56359",N,miles
839,Alfred Hoffman,698-88-5650,"6401 Waters Manor
New Cynthiafort, NY 37958",Y,miles
840,Timothy Bray,484-93-0312,"11135 Woods Springs
Danielmouth, CT 71487",N,hours
841,Gabriella Johnson,509-96-9570,"USCGC Brown
FPO AP 09482",Y,hours
842,Jennifer Manning,029-89-4964,"1470 Amanda Fields
East Carolland, MT 82626",N,hours
843,Ronald Jones,106-69-6608,"7415 Duncan Brook
Timothyborough, OH 13629",Y,miles
844,Jack Bryant,789-66-6466,"14808 Armstrong Glens Suite 989
Port Bryanmouth, LA 89887",Y,miles
845,Leah Harmon,886-34-6474,"1090 Wright Row
New Kevintown, NM 80819",Y,miles
846,Stephanie Ross,442-01-9898,"3605 Williams Turnpike
Rickyfort, GA 26682",Y,miles
847,Kathleen Henderson,812-49-5278,"06324 Sherry Trail
Patrickport, GA 61185",Y,hours
848,Amy Jackson,301-23-3756,"4942 Dana Lock
New Williamville, NC 61158",N,hours
849,Ethan Harper,765-07-5166,"PSC 0704, Box 7040
APO AE 38566",N,hours
850,Christopher Jones,664-65-4069,"6208 John Oval
Murphyland, IA 01334",Y,miles
851,James Munoz,032-87-8853,"3883 Wagner Courts Suite 873
Jeremyland, HI 57403",N,hours
852,Danielle Rodriguez,107-73-0629,"45675 Harris Plaza Suite 168
Whitneyfurt, OH 74849",N,hours
853,Fernando Bowers,280-45-5146,"8180 Margaret River
Joelport, MT 06031",N,miles
854,Kevin Carlson,379-07-1594,"5808 Teresa Motorway Suite 851
Annview, UT 11780",Y,miles
855,Michelle Stevens,090-02-9015,"21371 Fleming Tunnel Suite 387
East Jonathan, IL 88100",Y,hours
856,Robert Byrd,377-61-9230,"27427 Steven Expressway
New Karenland, NE 46950",Y,miles
857,Bethany Cook,062-20-3171,"530 Jason Falls Suite 465
Griffinhaven, KS 26281",Y,hours
858,Michael Thompson,351-78-9666,"644 Matthew Drive Apt. 946
Blacktown, MS 41095",Y,hours
859,Dr. Lance Oliver DVM,137-16-3239,"1692 John Stream
South Isaacville, KS 74526",N,hours
860,Brian Green,314-11-1682,"023 Torres Way
Lake Amandachester, MH 97040",N,hours
861,Veronica Wagner MD,703-33-9182,"598 Ayers Extension
Lake Christianberg, WV 92555",N,hours
862,Jennifer Miles,129-03-7055,"PSC 6713, Box 0495
APO AP 18041",Y,miles
863,Gary Hurley,127-67-2959,"29848 Whitney Vista
Lake Brenda, GA 20254",Y,miles
864,Hannah Farmer,109-75-6348,"1479 Edward Circles Apt. 838
Lopezberg, FM 64474",Y,miles
865,Angela Tucker,003-43-3391,"9442 Cervantes Burgs Apt. 426
South Linda, PA 36470",Y,miles
866,Amanda Schwartz,587-60-1582,"98614 Jennifer Isle Apt. 066
Rodriguezport, ME 71679",N,hours
867,Mary Berg,344-73-2999,"380 Smith Forge
Thomasmouth, WV 80193",N,hours
868,Jeffrey Hines,264-21-6552,"75643 Williams Street
South Seanburgh, VT 81411",Y,miles
869,Nicole Smith,895-95-0923,"9630 Gregory Greens Apt. 742
East Tina, NJ 46698",Y,miles
870,Richard Harrison,813-66-4172,"1519 Kline Fields
Riddlebury, MS 83761",Y,hours
871,Jonathan Lucas,452-30-2772,"846 Kemp Turnpike
New Alanmouth, ID 22168",N,miles
872,Antonio Gonzalez,405-14-1506,"687 Pierce Isle Suite 492
Port Lisa, ID 86390",Y,hours
873,Suzanne Horne,839-52-3027,"USCGC Dunn
FPO AA 94235",N,hours
874,Matthew Martinez,849-97-6759,"57937 Taylor Squares Suite 462
Robinstad, DC 22773",Y,miles
875,Renee Edwards,613-04-1689,"9678 Hood Trace
Hillview, AK 24556",N,hours
876,William Elliott,398-22-8417,"169 Huff Centers Apt. 138
Wandamouth, MI 65126",Y,hours
877,Alyssa Hatfield,157-49-8764,"9753 Lisa Fort
Darylfurt, CA 84460",N,miles
878,Jeffery Hall,730-52-7121,"77337 Ashley Groves Suite 042
West Deanna, AR 90453",Y,miles
879,Stephanie Adams,808-91-0169,"9523 Smith Fork Suite 731
East Lisamouth, WY 71342",Y,hours
880,Jose Pitts,200-64-1384,"9482 Adams Walk
Josephborough, VT 49307",Y,miles
881,Karen Pena,269-28-2645,"6152 Gary Crest
Tammytown, WV 38726",Y,miles
882,Anthony Kelley,843-83-4938,"894 Morales Fort
Johnsonview, VT 38284",N,hours
883,Crystal Ferguson,253-67-5692,"425 Mark Ridge Suite 626
West Cynthia, CO 85086",N,hours
884,Nicholas Ball,397-85-0949,"831 Jones Island Apt. 922
Williamsstad, KS 54699",N,miles
885,Alexander Patterson,386-75-3529,"54586 David Harbor Apt. 867
Jacksontown, DC 59213",N,miles
886,Amy Cantu,250-84-4534,"0532 Cuevas Viaduct
Lake Cassidyview, WV 09189",N,hours
887,Alison Brown,752-54-1749,"5876 Pratt Brook Suite 359
North Abigailview, KS 89288",N,miles
888,Philip Vazquez,169-55-9770,"31601 Jose Pass
North Anthony, NV 63404",N,hours
889,Christopher Turner,426-36-4416,"12897 Walker Well Suite 062
North Rachelview, CO 89807",N,hours
890,Kelly Robinson,657-98-4411,"85263 Benjamin Junctions
Jeremiahton, AR 16422",N,hours
891,James Guzman,232-64-0323,"52128 Joshua Green Apt. 383
Lake Tamaraborough, WV 49827",N,miles
892,Robin Williams,565-62-9985,"819 Tabitha Hollow Apt. 629
Lake Sarah, MH 18321",N,miles
893,Rose Ramos,331-86-5179,"62450 Turner Flats Apt. 081
Port Staceyshire, MI 11922",N,miles
894,Stephen Lee,351-88-0937,"19333 Dennis Brook
Kaitlynton, ID 34448",N,hours
895,Stephen Mcintyre,450-35-8197,"730 Emily Point Suite 977
North Jessica, NY 74599",N,miles
896,Dr. John Carter,087-05-9595,"9911 Travis Prairie
North Yvonneshire, SC 74564",Y,hours
897,Kathryn Dyer,229-14-7454,"60288 Mann Trafficway Suite 490
South David, WA 10340",N,miles
898,James Hernandez,847-36-4267,"5087 Parks Mission Apt. 039
Port Paul, TN 54339",Y,miles
899,Tamara Lee,819-88-3686,"0129 Elliott Common Suite 851
Kristinside, GU 87947",Y,miles
900,Hannah Armstrong,196-37-7632,"230 Ruiz Highway
Brianchester, NV 07873",N,miles
901,David Tyler,636-10-5717,"404 Adams Port
New Stacieport, MI 55913",N,miles
902,Thomas Frazier,494-31-5361,"33920 Calderon Road
Paulville, CO 51634",Y,hours
903,William Lloyd,815-40-8190,"7207 Valenzuela Roads Apt. 166
South James, MP 27006",Y,hours
904,Kari Jackson,626-72-4798,"27764 Chris Summit Apt. 846
Thomasburgh, WI 74705",Y,miles
905,Cindy Stephenson,879-50-5597,"PSC 6878, Box 5550
APO AP 60304",N,miles
906,Jonathan Farley,762-22-7147,"01121 Valenzuela Extension Suite 110
East Brianaburgh, PW 21503",Y,hours
907,Kenneth Woods,022-52-9182,"821 Ruiz Points Apt. 050
West Ashley, MI 77633",N,hours
908,Michael Walsh,196-53-0167,"567 Carpenter Walk
Harveyhaven, WV 67405",N,miles
909,Brenda Smith,422-61-8156,"5127 Christian Plains Suite 399
New Monica, MA 41310",Y,miles
910,Scott Patterson,182-48-0499,"24934 Anna Way
Raymondside, NV 85727",N,miles
911,William Deleon,264-68-0161,"906 Villegas Streets
Suzanneborough, VI 12757",Y,miles
912,Duane Gallagher,056-35-4024,"USNS Hayden
FPO AE 61199",Y,hours
913,Paula Bauer,476-27-1487,"8384 Brandi Throughway
South Susan, TX 29343",Y,miles
914,Tina Henderson,816-16-9635,"16307 Dennis Squares Apt. 544
North Ashleeburgh, VI 61452",N,hours
915,Amy Price,134-82-4895,"148 Dustin Villages Apt. 646
Lisaborough, MT 46758",Y,miles
916,Scott Marsh,871-26-6222,"96240 James Crescent Apt. 261
Lunaland, IL 05796",Y,miles
917,Rebecca Solomon,431-48-7062,"110 Lisa River Suite 828
Wrightland, CA 28283",Y,miles
918,Matthew Hood,488-45-2720,"3000 Nunez Summit
Danielbury, VA 05675",N,hours
919,Mrs. Sonya Brown,870-38-4849,"3706 Huffman Lane Apt. 461
Lake Edwardberg, KY 50865",Y,miles
920,Taylor Bridges,512-43-0160,"806 Wiggins Freeway
Smithburgh, AS 07329",Y,miles
921,Autumn Williams,604-06-2699,"Unit 7124 Box 6519
DPO AE 86467",Y,hours
922,Andrew Chambers,102-38-5892,"6498 Robert Square Apt. 005
South Williamberg, DC 72130",Y,miles
923,Dan Nelson,148-60-3437,"2959 Johnson Squares Suite 022
Markport, NJ 16343",Y,miles
924,Emily Day,170-96-0749,"395 Michael Dam Apt. 192
Port Andrew, FL 14539",Y,miles
925,Carla Grant,243-20-4143,"24160 Freeman Villages
East Dennis, ME 93396",Y,hours
926,April Shields,199-27-9581,"890 Richard Lights
Lake Gregory, MO 14259",N,miles
927,Carrie Campbell,050-33-2008,"41805 Mullen Glen
Hughesburgh, VA 09830",N,hours
928,Nathan Dunn,067-40-6378,"08118 Matthew Passage Suite 109
Port James, PW 91509",N,miles
929,Alison Hernandez,738-45-4952,"27915 Garcia Squares Apt. 447
East Wendyfort, DE 38448",N,miles
930,Kim Cochran,383-36-8733,"14498 Gregory Loaf Apt. 593
Carterburgh, KY 24920",N,hours
931,Mr. Jonathan Meyer,058-97-0608,"PSC 3708, Box 3771
APO AP 47936",N,miles
932,Jeremy Allen,401-19-8458,"28717 Rivera Land Apt. 479
Port Donnatown, NH 33140",N,hours
933,Wanda Sexton,856-97-4067,"Unit 0482 Box 7520
DPO AA 71349",N,hours
934,Shawn Gaines,302-74-0206,"5938 Raymond Meadows
South Beth, GA 06295",N,hours
935,Katherine Jensen,425-59-2873,"1083 Bates Estates Suite 617
Benjamintown, IN 12100",Y,miles
936,Ronald Holden,479-71-2295,"PSC 0239, Box 6533
APO AE 83993",Y,miles
937,Victoria Duncan,531-97-0938,"68391 Tonya Roads Suite 355
Lake Kaylahaven, VT 74180",Y,miles
938,Ashley Bishop,337-93-7648,"81471 Allison Parkway Apt. 248
Samuelburgh, IA 07252",N,hours
939,Anna Bush,891-75-1994,"098 Elizabeth Dale
Meganshire, AZ 82300",Y,miles
940,Whitney Rogers,772-94-7170,"427 Gibson Lodge
East Loribury, CT 23515",Y,hours
941,Sandra Fernandez,657-90-7921,"39540 Alexandra Highway
Lake Jenniferview, WY 34570",N,miles
942,Steven English,005-08-1156,"14138 Henry Cliff
West Molly, VI 34281",N,miles
943,Richard Bowen,495-20-7806,"37219 Gibbs Field Apt. 583
East Cynthia, CO 36726",Y,miles
944,April Cervantes,156-74-6942,"2352 Bell Mountains Suite 247
North Andrewport, SD 61640",N,miles
945,Shannon Cook,013-56-3906,"12149 Emma Run
North Morgan, MS 82921",N,hours
946,Ashley Zimmerman,364-84-2247,"2445 Raymond Mill
West Lindsay, NC 11870",N,miles
947,Janet Grant,104-35-0275,"256 Nichols Rapid Suite 668
South Darren, NJ 57000",Y,miles
948,Allison Walker,051-27-3448,"USS Gaines
FPO AE 57274",N,hours
949,Wendy Johnson,096-87-5294,"4568 Banks Terrace
Arnoldfort, AR 11847",Y,miles
950,Beth Rodriguez,578-28-3639,"888 Snow Point
Port Victoriahaven, CA 80569",Y,miles
951,Faith Le,005-28-7844,"49788 Charles Center
West Markside, FL 23671",N,miles
952,Barbara Jackson,443-70-9450,"244 James Rapids Apt. 934
Hallville, NH 69987",Y,miles
953,Christine Gonzalez DDS,853-33-2070,"Unit 0896 Box 2501
DPO AE 00782",Y,miles
954,Todd Swanson,264-75-0914,"2328 Sanchez Pine
East Robertoland, AK 72454",N,hours
955,Christopher Fox,585-46-1244,"8956 Scott Extensions Suite 905
North George, SC 15257",Y,miles
956,Melinda Guerrero,755-12-0067,"4148 Lopez Village
Blairport, SC 90835",Y,hours
957,Crystal Roberson,190-38-8430,"6483 Frances Well Apt. 821
New Heatherstad, AZ 54476",Y,hours
958,Cameron Brown,007-75-7795,"113 Wright Mountain
Mullinsfurt, AR 69813",N,miles
959,Edward Schmitt,072-63-7648,"73942 Joseph Walks Apt. 318
Garciaborough, MI 44103",Y,hours
960,Katie Sanders,547-42-7677,"0459 Garrett Estates Suite 510
East Thomas, VA 17102",N,miles
961,Wendy Casey,201-08-2799,"7853 Garcia Meadow
Jasonchester, LA 72934",N,miles
962,Courtney Heath,056-06-5206,"92985 Christopher Lane
Gutierrezbury, IN 03357",N,miles
963,Carolyn Hartman,035-44-0234,"972 Linda Point Apt. 880
Marshstad, AZ 86629",N,miles
964,James Bailey,429-39-3012,"7154 Colon Mountains
Lake Mary, CT 77314",Y,miles
965,Sarah Green,169-51-2175,"61354 John Mount
Lake Meganton, FL 03440",N,miles
966,Glenn Jackson,130-54-9396,"168 Edwards Terrace Apt. 972
Michaelfort, TX 24225",Y,miles
967,Erica Suarez,447-01-8923,"870 Burns Light
Johnton, ID 87234",N,hours
968,Stephanie Murillo,321-62-0446,"883 Pierce Loaf
Ericfurt, VI 95712",Y,hours
969,Jennifer Ferguson,185-47-0109,"6605 Beltran Inlet
East Bobby, WI 75705",Y,hours
970,Katherine Bennett,030-76-1467,"284 Wendy Views Suite 694
East Candiceview, PA 68779",Y,miles
971,Shannon Smith,888-60-9238,"377 Martin Corners
Brownside, HI 79984",N,hours
972,Joshua Brown,641-74-6214,"109 Kennedy Stravenue Suite 899
Leetown, KS 07107",N,hours
973,Tyler Torres,241-17-8429,"7954 Frazier Tunnel
Port Timothystad, TX 08948",Y,miles
974,Sara Arnold,487-06-4723,"USS Kelly
FPO AP 14689",Y,miles
975,Amy Martin,079-51-8098,"4606 Key Turnpike
Bullockville, NC 49517",Y,hours
976,Jodi Hill,172-30-0210,"51349 Christopher Mountain
Perezton, ME 25338",N,miles
977,Nicholas Smith,396-23-8299,"229 Melissa Crest Apt. 419
New Brianfurt, PR 99501",Y,hours
978,Cheryl Melendez,749-43-6076,"047 Heather Haven Apt. 068
East Robertburgh, MH 82548",N,miles
979,Michelle Keith,103-79-1333,"4710 Albert Groves
Jenniferfurt, AZ 97471",N,miles
980,Dennis Jones,429-71-0523,"PSC 0408, Box 2379
APO AA 28783",Y,hours
981,John Gardner,137-50-2255,"Unit 5012 Box 3546
DPO AP 71387",Y,hours
982,Stephen Bowers,168-28-3524,"9294 Miranda Mountain Suite 357
Danielsborough, VT 46534",Y,miles
983,Brandon Smith,855-48-1968,"PSC 0684, Box 7888
APO AE 06077",N,miles
984,Jennifer Brown,022-70-6318,"72745 Charles Port Suite 204
South Denise, NM 26876",Y,miles
985,Karen Nichols,189-91-7344,"37900 Madeline Expressway Apt. 512
Brownburgh, OH 98091",N,hours
986,Christopher Jefferson,704-61-0210,"6179 Johnson Roads Apt. 951
Port Brittany, ME 94514",Y,miles
987,Michelle Thompson,393-89-3246,"978 Clark Light
South Alison, NC 31452",Y,miles
988,Carla Reid,790-83-4589,"208 Nicholson Terrace
West Isaacmouth, PA 45895",Y,hours
989,Nathan Harris,695-93-4340,"88134 Nelson River Apt. 033
Amberstad, NJ 67961",N,hours
990,Cheryl Cochran,776-18-7973,"5022 Stone Meadows
Grayville, GU 17529",N,miles
991,April Hart,369-71-1011,"600 Gutierrez Parks Suite 069
Rivasbury, AZ 35704",Y,miles
992,Angelica Mason MD,042-03-6302,"Unit 4614 Box 8803
DPO AP 80815",N,hours
993,Robert Moore,176-03-7589,"8215 Patrick Meadows
Port Adam, VA 85947",N,miles
994,Deanna Green,275-82-7584,"7810 Rose Squares Suite 611
New Stacy, IL 18818",N,hours
995,Barry Allen,422-81-1187,"25574 Gallegos Well
East Anita, SD 24187",Y,hours
996,Dennis Burch,872-21-8596,"8296 Jennifer Dam
Mistyland, IN 32259",Y,hours
997,James Glenn,808-95-2648,"39193 Michael Shoals Apt. 029
Goodmanville, MN 49670",Y,hours
998,Kyle Lee,550-48-0993,"2111 Frederick Prairie Suite 712
Francisside, WV 38283",N,hours
999,Matthew Vargas,551-56-2006,"7644 Brandon Ville Suite 345
North Heatherview, KY 98052",Y,miles
1000,Melissa Robinson,439-79-1229,"023 Taylor Haven
North Brenda, IN 10251",N,miles
1001,Crystal Dorsey,025-74-8830,"985 Mckenzie Via Apt. 043
Lake Anna, IL 45387",N,hours
1002,Jennifer Olson,696-94-7303,"0264 Alexis Curve
Lake Davidhaven, CO 88984",N,hours
1003,Brooke Hudson,200-43-2486,"USNV Velazquez
FPO AA 69290",Y,miles
1004,Michael Ortiz,311-70-2514,"0975 Adams Rapids Suite 966
East Benjamin, GU 47565",N,miles
1005,Mr. Travis Santana,522-58-4185,"95293 Darlene Throughway
Torresmouth, NY 68747",N,miles
1006,Crystal Long,339-10-6626,"9262 Kathleen Drive
Paulberg, AK 86897",N,miles
1007,Lori Stevenson,592-15-3269,"5831 Jackson Parks Suite 857
Johnsonfurt, MN 33167",N,miles
1008,Willie Salas,411-38-0326,"148 Brandi Crossing Apt. 448
West Ashleyville, DE 88776",N,hours
1009,Charles Grant,409-72-8214,"614 Brown Street Suite 678
New Melissa, MN 46356",Y,miles
